timestamp,vibration
338400.000000,-0.296852
338400.000049,-0.498034
338400.000098,-0.060166
338400.000146,0.484210
338400.000195,0.105513
338400.000244,0.022673
338400.000293,-0.036498
338400.000342,0.141016
338400.000391,1.288940
338400.000439,0.626221
338400.000488,0.365867
338400.000537,-1.196256
338400.000586,-1.421107
338400.000635,-0.296852
338400.000684,0.661724
338400.000732,-0.675548
338400.000781,-0.060166
338400.000830,0.306696
338400.000879,0.342199
338400.000928,-0.876731
338400.000977,-0.722885
338400.001025,-0.640046
338400.001074,-1.622290
338400.001123,-0.296852
338400.001172,0.862906
338400.001221,0.945746
338400.001270,-0.616377
338400.001318,0.081845
338400.001367,0.744564
338400.001416,1.241603
338400.001465,0.164685
338400.001514,-0.119338
338400.001563,0.022673
338400.001611,0.685392
338400.001660,0.342199
338400.001709,-0.261349
338400.001758,-0.119338
338400.001807,0.484210
338400.001855,0.164685
338400.001904,-0.699217
338400.001953,-0.438863
338400.002002,-0.095669
338400.002051,0.827404
338400.002100,0.602552
338400.002148,-0.983239
338400.002197,-1.503947
338400.002246,1.146929
338400.002295,2.507869
338400.002344,-0.036498
338400.002393,-1.361936
338400.002441,0.223856
338400.002490,1.703139
338400.002539,1.087757
338400.002588,-0.438863
338400.002637,-1.196256
338400.002686,-1.196256
338400.002734,-0.616377
338400.002783,-0.438863
338400.002832,-0.521703
338400.002881,-0.580874
338400.002930,-1.160753
338400.002979,-1.101582
338400.003027,-1.018742
338400.003076,-0.060166
338400.003125,0.484210
338400.003174,-0.498034
338400.003223,-0.237680
338400.003271,-0.580874
338400.003320,-0.060166
338400.003369,0.602552
338400.003418,0.886575
338400.003467,0.259359
338400.003516,-0.379692
338400.003564,-0.900399
338400.003613,-0.000995
338400.003662,0.105513
338400.003711,-0.261349
338400.003760,-0.782057
338400.003809,-0.379692
338400.003857,-0.498034
338400.003906,-0.782057
338400.003955,-0.154841
338400.004004,-0.675548
338400.004053,-0.935902
338400.004102,-0.640046
338400.004150,0.342199
338400.004199,-0.261349
338400.004248,0.543381
338400.004297,0.768232
338400.004346,1.750476
338400.004395,0.886575
338400.004443,0.827404
338400.004492,-0.036498
338400.004541,-0.036498
338400.004590,0.862906
338400.004639,0.720895
338400.004688,-0.616377
338400.004736,-0.557206
338400.004785,0.306696
338400.004834,-0.214012
338400.004883,-1.042410
338400.004932,-0.237680
338400.004980,0.141016
338400.005029,-1.397438
338400.005078,-1.705129
338400.005127,-0.758388
338400.005176,0.519713
338400.005225,0.519713
338400.005273,0.283027
338400.005322,-1.338267
338400.005371,0.081845
338400.005420,2.046333
338400.005469,1.004918
338400.005518,-1.302764
338400.005566,-1.740632
338400.005615,0.200187
338400.005664,0.768232
338400.005713,-1.338267
338400.005762,-3.267253
338400.005811,-1.503947
338400.005859,0.886575
338400.005908,0.661724
338400.005957,-2.024655
338400.006006,-1.965483
338400.006055,0.365867
338400.006104,1.064089
338400.006152,-0.474366
338400.006201,-1.681461
338400.006250,0.105513
338400.006299,0.685392
338400.006348,1.123260
338400.006396,-0.178509
338400.006445,0.365867
338400.006494,1.845150
338400.006543,0.401370
338400.006592,-1.421107
338400.006641,-1.681461
338400.006689,-0.261349
338400.006738,0.460541
338400.006787,-0.498034
338400.006836,-1.539450
338400.006885,-0.675548
338400.006934,-0.841228
338400.006982,-0.758388
338400.007031,-0.983239
338400.007080,-0.876731
338400.007129,-0.214012
338400.007178,-0.119338
338400.007227,-0.237680
338400.007275,-0.379692
338400.007324,0.401370
338400.007373,-0.095669
338400.007422,-1.101582
338400.007471,-0.415194
338400.007520,0.081845
338400.007568,0.720895
338400.007617,0.425039
338400.007666,-0.935902
338400.007715,-0.876731
338400.007764,-0.320520
338400.007812,0.022673
338400.007861,-0.356023
338400.007910,-0.616377
338400.007959,-0.154841
338400.008008,-1.077913
338400.008057,-0.474366
338400.008105,0.460541
338400.008154,1.206100
338400.008203,0.365867
338400.008252,-1.539450
338400.008301,-0.758388
338400.008350,1.265271
338400.008398,1.750476
338400.008447,0.602552
338400.008496,-1.196256
338400.008545,-0.474366
338400.008594,0.105513
338400.008643,-1.302764
338400.008691,-1.018742
338400.008740,-0.758388
338400.008789,-0.178509
338400.008838,-0.580874
338400.008887,-2.024655
338400.008936,-1.941815
338400.008984,-0.154841
338400.009033,0.259359
338400.009082,0.164685
338400.009131,-0.557206
338400.009180,0.105513
338400.009229,0.365867
338400.009277,0.626221
338400.009326,-0.438863
338400.009375,-0.119338
338400.009424,0.425039
338400.009473,1.525625
338400.009521,1.466454
338400.009570,-1.598621
338400.009619,-1.456610
338400.009668,1.785979
338400.009717,2.129173
338400.009766,-0.320520
338400.009814,-1.965483
338400.009863,-1.941815
338400.009912,1.324443
338400.009961,1.643968
338400.010010,-0.782057
338400.010059,-1.077913
338400.010107,1.643968
338400.010156,1.004918
338400.010205,-0.154841
338400.010254,-0.178509
338400.010303,0.259359
338400.010352,0.886575
338400.010400,-0.557206
338400.010449,0.720895
338400.010498,1.146929
338400.010547,0.425039
338400.010596,0.484210
338400.010645,-0.817559
338400.010693,-0.782057
338400.010742,-0.379692
338400.010791,-1.279096
338400.010840,-2.083826
338400.010889,-1.882643
338400.010937,-0.237680
338400.010986,0.626221
338400.011035,0.342199
338400.011084,0.460541
338400.011133,0.223856
338400.011182,0.081845
338400.011230,-0.616377
338400.011279,-1.018742
338400.011328,0.164685
338400.011377,0.365867
338400.011426,-0.214012
338400.011475,0.164685
338400.011523,-0.178509
338400.011572,0.105513
338400.011621,-0.237680
338400.011670,-1.077913
338400.011719,-1.421107
338400.011768,-0.521703
338400.011816,1.087757
338400.011865,0.141016
338400.011914,-1.361936
338400.011963,-0.841228
338400.012012,0.661724
338400.012061,1.182432
338400.012109,1.087757
338400.012158,0.223856
338400.012207,0.661724
338400.012256,1.206100
338400.012305,0.425039
338400.012354,-0.178509
338400.012402,0.744564
338400.012451,1.904322
338400.012500,1.206100
338400.012549,0.567050
338400.012598,-0.438863
338400.012646,-1.137085
338400.012695,-0.296852
338400.012744,1.004918
338400.012793,-0.154841
338400.012842,-2.142997
338400.012891,-1.018742
338400.012939,0.827404
338400.012988,1.608465
338400.013037,-0.959571
338400.013086,-2.119329
338400.013135,-1.563118
338400.013184,1.064089
338400.013232,0.768232
338400.013281,-0.876731
338400.013330,-0.320520
338400.013379,2.685383
338400.013428,0.862906
338400.013477,-1.480278
338400.013525,0.046342
338400.013574,1.726808
338400.013623,1.466454
338400.013672,-0.722885
338400.013721,-1.563118
338400.013770,-2.225837
338400.013818,0.401370
338400.013867,1.004918
338400.013916,0.200187
338400.013965,-1.077913
338400.014014,-1.101582
338400.014062,0.720895
338400.014111,1.146929
338400.014160,0.626221
338400.014209,-0.036498
338400.014258,0.626221
338400.014307,2.531538
338400.014355,2.223847
338400.014404,0.283027
338400.014453,-0.036498
338400.014502,1.182432
338400.014551,1.206100
338400.014600,-0.214012
338400.014648,-0.841228
338400.014697,-0.557206
338400.014746,-0.060166
338400.014795,-0.060166
338400.014844,-0.616377
338400.014893,-0.379692
338400.014941,-0.900399
338400.014990,-0.959571
338400.015039,-0.521703
338400.015088,-0.060166
338400.015137,0.543381
338400.015186,0.460541
338400.015234,1.348111
338400.015283,0.827404
338400.015332,-0.876731
338400.015381,0.744564
338400.015430,1.549294
338400.015479,0.685392
338400.015527,-0.119338
338400.015576,-0.640046
338400.015625,0.626221
338400.015674,-0.178509
338400.015723,0.259359
338400.015771,0.046342
338400.015820,-1.622290
338400.015869,-0.557206
338400.015918,1.643968
338400.015967,-0.036498
338400.016016,-0.876731
338400.016064,-0.616377
338400.016113,0.981249
338400.016162,1.643968
338400.016211,0.602552
338400.016260,0.022673
338400.016309,0.342199
338400.016357,1.703139
338400.016406,1.241603
338400.016455,-0.438863
338400.016504,-1.657792
338400.016553,-0.379692
338400.016602,-0.036498
338400.016650,-0.178509
338400.016699,-0.498034
338400.016748,-0.935902
338400.016797,-1.018742
338400.016846,0.342199
338400.016895,0.602552
338400.016943,1.442785
338400.016992,1.726808
338400.017041,0.768232
338400.017090,0.105513
338400.017139,-0.557206
338400.017188,-0.261349
338400.017236,0.922078
338400.017285,1.004918
338400.017334,0.922078
338400.017383,1.383614
338400.017432,0.945746
338400.017480,-0.415194
338400.017529,-0.521703
338400.017578,0.259359
338400.017627,0.543381
338400.017676,-0.060166
338400.017725,0.365867
338400.017773,-1.219924
338400.017822,0.626221
338400.017871,1.028586
338400.017920,0.768232
338400.017969,-0.296852
338400.018018,-1.421107
338400.018066,-1.219924
338400.018115,-0.154841
338400.018164,2.448698
338400.018213,2.389527
338400.018262,-0.722885
338400.018311,0.306696
338400.018359,1.241603
338400.018408,1.288940
338400.018457,-0.521703
338400.018506,-1.137085
338400.018555,-1.101582
338400.018604,-0.782057
338400.018652,-0.722885
338400.018701,-1.243593
338400.018750,-1.018742
338400.018799,0.543381
338400.018848,1.004918
338400.018896,-0.900399
338400.018945,-0.959571
338400.018994,0.626221
338400.019043,1.501957
338400.019092,0.484210
338400.019141,-1.196256
338400.019189,-0.983239
338400.019238,0.484210
338400.019287,3.229759
338400.019336,2.484201
338400.019385,0.141016
338400.019434,-1.196256
338400.019482,0.602552
338400.019531,0.223856
338400.019580,-0.900399
338400.019629,-2.640036
338400.019678,-2.462522
338400.019727,-0.154841
338400.019775,1.182432
338400.019824,0.259359
338400.019873,-1.598621
338400.019922,-1.456610
338400.019971,0.223856
338400.020020,0.484210
338400.020068,0.164685
338400.020117,0.046342
338400.020166,-1.361936
338400.020215,0.105513
338400.020264,2.685383
338400.020313,0.922078
338400.020361,-1.160753
338400.020410,-0.699217
338400.020459,2.531538
338400.020508,1.868819
338400.020557,0.401370
338400.020605,-0.237680
338400.020654,-0.817559
338400.020703,-0.675548
338400.020752,-0.178509
338400.020801,-0.841228
338400.020850,-0.900399
338400.020898,-0.214012
338400.020947,0.283027
338400.020996,-0.699217
338400.021045,-0.119338
338400.021094,-0.438863
338400.021143,0.046342
338400.021191,1.750476
338400.021240,0.981249
338400.021289,-1.243593
338400.021338,-1.279096
338400.021387,1.324443
338400.021436,2.129173
338400.021484,0.259359
338400.021533,-1.361936
338400.021582,-1.243593
338400.021631,-0.782057
338400.021680,0.141016
338400.021729,0.342199
338400.021777,-0.356023
338400.021826,-1.361936
338400.021875,-0.580874
338400.021924,-0.154841
338400.021973,0.744564
338400.022021,0.365867
338400.022070,0.567050
338400.022119,0.768232
338400.022168,0.862906
338400.022217,1.123260
338400.022266,-0.214012
338400.022314,-1.622290
338400.022363,-1.421107
338400.022412,1.525625
338400.022461,0.365867
338400.022510,-1.681461
338400.022559,-1.918146
338400.022607,0.259359
338400.022656,1.750476
338400.022705,-1.077913
338400.022754,-2.119329
338400.022803,-0.616377
338400.022852,0.685392
338400.022900,0.046342
338400.022949,-1.338267
338400.022998,-0.959571
338400.023047,1.584797
338400.023096,1.549294
338400.023145,-0.095669
338400.023193,-2.722876
338400.023242,-0.498034
338400.023291,3.146919
338400.023340,1.206100
338400.023389,-2.142997
338400.023438,-2.024655
338400.023486,-0.000995
338400.023535,0.827404
338400.023584,0.223856
338400.023633,-1.077913
338400.023682,-2.119329
338400.023730,-1.160753
338400.023779,0.306696
338400.023828,-0.154841
338400.023877,-1.077913
338400.023926,-0.841228
338400.023975,0.803735
338400.024023,1.206100
338400.024072,-0.178509
338400.024121,-0.415194
338400.024170,1.442785
338400.024219,2.105504
338400.024268,0.046342
338400.024316,-1.421107
338400.024365,-1.338267
338400.024414,1.064089
338400.024463,0.602552
338400.024512,-0.261349
338400.024561,-0.758388
338400.024609,-0.379692
338400.024658,-0.154841
338400.024707,-0.095669
338400.024756,0.081845
338400.024805,-0.557206
338400.024854,-0.817559
338400.024902,-0.616377
338400.024951,0.283027
338400.025000,0.223856
338400.025049,1.004918
338400.025098,0.567050
338400.025146,0.768232
338400.025195,0.200187
338400.025244,0.022673
338400.025293,0.768232
338400.025342,-0.379692
338400.025391,-0.498034
338400.025439,-1.196256
338400.025488,-0.438863
338400.025537,0.460541
338400.025586,0.259359
338400.025635,-0.699217
338400.025684,-1.160753
338400.025732,0.022673
338400.025781,0.283027
338400.025830,-0.379692
338400.025879,-0.900399
338400.025928,-0.498034
338400.025977,0.945746
338400.026025,2.484201
338400.026074,0.141016
338400.026123,-1.740632
338400.026172,-0.320520
338400.026221,1.927990
338400.026270,2.105504
338400.026318,0.164685
338400.026367,-1.681461
338400.026416,-0.722885
338400.026465,0.022673
338400.026514,0.081845
338400.026562,-1.858975
338400.026611,-0.758388
338400.026660,1.809648
338400.026709,0.081845
338400.026758,-1.563118
338400.026807,-0.782057
338400.026855,1.241603
338400.026904,1.324443
338400.026953,0.022673
338400.027002,-0.983239
338400.027051,-0.675548
338400.027100,-0.178509
338400.027148,0.141016
338400.027197,1.466454
338400.027246,1.785979
338400.027295,0.164685
338400.027344,-0.817559
338400.027393,-0.675548
338400.027441,0.283027
338400.027490,0.981249
338400.027539,-0.521703
338400.027588,-1.705129
338400.027637,-1.302764
338400.027686,0.720895
338400.027734,0.425039
338400.027783,0.460541
338400.027832,-0.580874
338400.027881,-0.415194
338400.027930,0.460541
338400.027979,0.661724
338400.028027,0.401370
338400.028076,-0.296852
338400.028125,-0.379692
338400.028174,0.223856
338400.028223,1.182432
338400.028271,0.626221
338400.028320,0.519713
338400.028369,-0.521703
338400.028418,-0.000995
338400.028467,-0.983239
338400.028516,-1.503947
338400.028564,-0.935902
338400.028613,1.004918
338400.028662,-0.557206
338400.028711,-1.563118
338400.028760,-0.498034
338400.028809,0.602552
338400.028857,-0.521703
338400.028906,-0.876731
338400.028955,0.022673
338400.029004,-0.817559
338400.029053,0.046342
338400.029102,1.324443
338400.029150,1.501957
338400.029199,-0.296852
338400.029248,0.460541
338400.029297,0.460541
338400.029346,-0.060166
338400.029395,0.141016
338400.029443,0.567050
338400.029492,0.105513
338400.029541,-0.675548
338400.029590,-0.817559
338400.029639,-0.356023
338400.029687,-0.296852
338400.029736,-0.474366
338400.029785,-0.722885
338400.029834,-0.616377
338400.029883,0.283027
338400.029932,0.141016
338400.029980,0.105513
338400.030029,-0.178509
338400.030078,-0.474366
338400.030127,0.164685
338400.030176,1.241603
338400.030225,2.010830
338400.030273,-0.296852
338400.030322,-2.000986
338400.030371,-0.557206
338400.030420,1.608465
338400.030469,0.827404
338400.030518,-1.042410
338400.030566,-2.142997
338400.030615,-0.758388
338400.030664,0.105513
338400.030713,0.283027
338400.030762,-2.545362
338400.030811,-2.083826
338400.030859,1.265271
338400.030908,2.448698
338400.030957,-0.959571
338400.031006,-2.462522
338400.031055,0.306696
338400.031104,1.809648
338400.031152,1.004918
338400.031201,-1.622290
338400.031250,-1.503947
338400.031299,0.922078
338400.031348,2.306687
338400.031396,0.105513
338400.031445,-0.841228
338400.031494,0.401370
338400.031543,0.886575
338400.031592,-0.379692
338400.031641,-1.858975
338400.031689,-1.160753
338400.031738,0.081845
338400.031787,0.945746
338400.031836,0.200187
338400.031885,-1.480278
338400.031934,-1.279096
338400.031982,0.922078
338400.032031,0.768232
338400.032080,0.365867
338400.032129,-0.935902
338400.032178,-0.036498
338400.032227,0.519713
338400.032275,-0.214012
338400.032324,-0.782057
338400.032373,-1.042410
338400.032422,-0.095669
338400.032471,0.543381
338400.032520,-0.817559
338400.032568,-1.764301
338400.032617,-0.379692
338400.032666,-0.557206
338400.032715,-1.196256
338400.032764,-2.225837
338400.032813,-1.598621
338400.032861,-0.521703
338400.032910,0.081845
338400.032959,-0.178509
338400.033008,-0.415194
338400.033057,0.401370
338400.033105,0.862906
338400.033154,0.259359
338400.033203,-0.474366
338400.033252,0.141016
338400.033301,0.685392
338400.033350,1.288940
338400.033398,1.087757
338400.033447,-0.237680
338400.033496,-1.657792
338400.033545,-1.338267
338400.033594,-0.521703
338400.033643,0.342199
338400.033691,-0.640046
338400.033740,-1.622290
338400.033789,-1.563118
338400.033838,-0.036498
338400.033887,0.803735
338400.033936,0.342199
338400.033984,0.661724
338400.034033,1.064089
338400.034082,-0.000995
338400.034131,-0.498034
338400.034180,1.182432
338400.034229,0.685392
338400.034277,0.543381
338400.034326,-0.699217
338400.034375,-1.077913
338400.034424,0.046342
338400.034473,-1.503947
338400.034521,-0.699217
338400.034570,-2.320511
338400.034619,-1.279096
338400.034668,0.283027
338400.034717,-0.214012
338400.034766,-0.095669
338400.034814,-1.077913
338400.034863,-1.338267
338400.034912,0.626221
338400.034961,1.064089
338400.035010,1.288940
338400.035059,-1.539450
338400.035107,0.164685
338400.035156,1.927990
338400.035205,0.922078
338400.035254,-2.083826
338400.035303,-2.024655
338400.035352,0.744564
338400.035400,1.845150
338400.035449,-0.438863
338400.035498,-2.486191
338400.035547,-1.421107
338400.035596,0.519713
338400.035645,0.602552
338400.035693,-1.563118
338400.035742,-2.142997
338400.035791,-0.036498
338400.035840,0.945746
338400.035889,0.460541
338400.035938,-0.817559
338400.035986,-0.320520
338400.036035,1.549294
338400.036084,1.904322
338400.036133,0.141016
338400.036182,-0.817559
338400.036230,-0.237680
338400.036279,0.661724
338400.036328,0.081845
338400.036377,-0.959571
338400.036426,-0.521703
338400.036475,-0.379692
338400.036523,-0.675548
338400.036572,-1.137085
338400.036621,-1.101582
338400.036670,-0.983239
338400.036719,-1.018742
338400.036768,-0.758388
338400.036816,-0.557206
338400.036865,-0.722885
338400.036914,0.105513
338400.036963,0.827404
338400.037012,0.922078
338400.037061,0.259359
338400.037109,0.259359
338400.037158,-0.296852
338400.037207,-0.379692
338400.037256,-0.261349
338400.037305,-0.154841
338400.037354,-0.356023
338400.037402,-0.616377
338400.037451,-0.557206
338400.037500,-1.539450
338400.037549,-0.935902
338400.037598,-0.758388
338400.037646,-1.160753
338400.037695,-2.060157
338400.037744,-1.243593
338400.037793,-0.154841
338400.037842,0.661724
338400.037891,0.046342
338400.037939,-0.557206
338400.037988,0.259359
338400.038037,0.803735
338400.038086,0.827404
338400.038135,0.342199
338400.038184,0.365867
338400.038232,0.223856
338400.038281,-0.095669
338400.038330,0.141016
338400.038379,0.022673
338400.038428,-0.060166
338400.038477,-0.900399
338400.038525,-0.900399
338400.038574,-0.841228
338400.038623,-0.557206
338400.038672,-0.474366
338400.038721,-1.042410
338400.038770,-1.338267
338400.038818,-0.060166
338400.038867,0.081845
338400.038916,0.105513
338400.038965,1.004918
338400.039014,0.827404
338400.039062,0.567050
338400.039111,0.567050
338400.039160,1.584797
338400.039209,1.785979
338400.039258,0.981249
338400.039307,-2.379683
338400.039355,-2.024655
338400.039404,-0.876731
338400.039453,1.809648
338400.039502,1.265271
338400.039551,-1.823472
338400.039600,-2.379683
338400.039648,-1.077913
338400.039697,-0.036498
338400.039746,0.365867
338400.039795,-0.616377
338400.039844,0.567050
338400.039893,0.141016
338400.039941,-0.675548
338400.039990,0.661724
338400.040039,0.460541
338400.040088,1.087757
338400.040137,-0.521703
338400.040186,-0.675548
338400.040234,0.602552
338400.040283,0.460541
338400.040332,0.141016
338400.040381,-0.580874
338400.040430,-0.178509
338400.040479,-0.758388
338400.040527,-1.622290
338400.040576,-1.338267
338400.040625,0.022673
338400.040674,0.105513
338400.040723,-0.758388
338400.040771,-1.882643
338400.040820,-1.539450
338400.040869,-0.415194
338400.040918,0.519713
338400.040967,0.283027
338400.041016,0.306696
338400.041064,0.141016
338400.041113,-0.119338
338400.041162,0.519713
338400.041211,0.519713
338400.041260,0.401370
338400.041309,0.365867
338400.041357,0.519713
338400.041406,-0.521703
338400.041455,-0.900399
338400.041504,-0.320520
338400.041553,-0.154841
338400.041602,-1.196256
338400.041650,-1.302764
338400.041699,-0.438863
338400.041748,0.200187
338400.041797,0.081845
338400.041846,-0.119338
338400.041895,0.200187
338400.041943,0.306696
338400.041992,-0.095669
338400.042041,0.685392
338400.042090,0.945746
338400.042139,0.283027
338400.042187,1.466454
338400.042236,1.407283
338400.042285,0.862906
338400.042334,0.141016
338400.042383,-0.119338
338400.042432,-0.640046
338400.042480,0.259359
338400.042529,0.720895
338400.042578,-0.320520
338400.042627,-1.160753
338400.042676,-1.705129
338400.042725,-0.817559
338400.042773,-0.758388
338400.042822,-0.557206
338400.042871,-0.498034
338400.042920,0.200187
338400.042969,0.886575
338400.043018,-0.214012
338400.043066,0.945746
338400.043115,1.643968
338400.043164,0.803735
338400.043213,-0.356023
338400.043262,-0.900399
338400.043311,-1.338267
338400.043359,0.425039
338400.043408,0.720895
338400.043457,0.223856
338400.043506,-0.000995
338400.043555,-0.000995
338400.043604,-1.421107
338400.043652,-0.817559
338400.043701,-0.261349
338400.043750,0.803735
338400.043799,-1.219924
338400.043848,-1.882643
338400.043896,-0.154841
338400.043945,1.667637
338400.043994,1.442785
338400.044043,0.685392
338400.044092,0.685392
338400.044141,0.602552
338400.044189,1.442785
338400.044238,1.123260
338400.044287,0.602552
338400.044336,0.945746
338400.044385,1.028586
338400.044434,0.046342
338400.044482,-1.018742
338400.044531,-0.557206
338400.044580,0.259359
338400.044629,0.484210
338400.044678,-0.983239
338400.044727,-0.675548
338400.044775,-0.296852
338400.044824,0.661724
338400.044873,0.164685
338400.044922,-0.036498
338400.044971,0.342199
338400.045020,0.803735
338400.045068,0.306696
338400.045117,0.046342
338400.045166,-0.580874
338400.045215,0.401370
338400.045264,0.164685
338400.045312,0.022673
338400.045361,0.223856
338400.045410,-0.119338
338400.045459,-0.616377
338400.045508,-0.154841
338400.045557,-0.214012
338400.045605,0.081845
338400.045654,0.602552
338400.045703,-0.060166
338400.045752,-0.758388
338400.045801,-1.563118
338400.045850,-0.060166
338400.045898,0.661724
338400.045947,0.720895
338400.045996,0.425039
338400.046045,0.259359
338400.046094,0.827404
338400.046143,1.584797
338400.046191,0.425039
338400.046240,-1.563118
338400.046289,0.425039
338400.046338,1.726808
338400.046387,1.442785
338400.046436,0.022673
338400.046484,-0.758388
338400.046533,-0.521703
338400.046582,0.720895
338400.046631,1.206100
338400.046680,0.519713
338400.046729,-0.154841
338400.046777,-0.178509
338400.046826,0.744564
338400.046875,1.265271
338400.046924,0.105513
338400.046973,-0.876731
338400.047021,0.862906
338400.047070,2.389527
338400.047119,1.584797
338400.047168,-0.557206
338400.047217,-0.640046
338400.047266,0.519713
338400.047314,1.407283
338400.047363,0.519713
338400.047412,-1.101582
338400.047461,-2.119329
338400.047510,0.401370
338400.047559,0.626221
338400.047607,1.265271
338400.047656,1.182432
338400.047705,0.803735
338400.047754,0.460541
338400.047803,-0.521703
338400.047852,-1.705129
338400.047900,-0.060166
338400.047949,2.590709
338400.047998,1.868819
338400.048047,-0.379692
338400.048096,0.342199
338400.048145,1.667637
338400.048193,2.271184
338400.048242,1.643968
338400.048291,0.223856
338400.048340,-2.000986
338400.048389,-0.817559
338400.048438,0.981249
338400.048486,-0.178509
338400.048535,0.164685
338400.048584,3.253428
338400.048633,2.164676
338400.048682,-0.557206
338400.048730,-2.083826
338400.048779,-0.000995
338400.048828,1.608465
338400.048877,2.164676
338400.048926,0.519713
338400.048975,-1.799803
338400.049023,-0.000995
338400.049072,1.845150
338400.049121,2.425030
338400.049170,-0.036498
338400.049219,-0.876731
338400.049268,0.744564
338400.049316,2.164676
338400.049365,-0.036498
338400.049414,-1.657792
338400.049463,-0.379692
338400.049512,0.365867
338400.049561,0.460541
338400.049609,-0.356023
338400.049658,-1.243593
338400.049707,0.425039
338400.049756,1.809648
338400.049805,0.342199
338400.049854,-1.243593
338400.049902,0.259359
338400.049951,2.945737
338400.050000,1.809648
338400.050049,-0.675548
338400.050098,-1.042410
338400.050146,0.945746
338400.050195,2.365858
338400.050244,0.200187
338400.050293,-1.456610
338400.050342,-0.438863
338400.050391,1.785979
338400.050439,1.265271
338400.050488,-1.196256
338400.050537,-1.882643
338400.050586,0.460541
338400.050635,2.330355
338400.050684,1.501957
338400.050732,-0.415194
338400.050781,0.105513
338400.050830,2.448698
338400.050879,3.052246
338400.050928,0.661724
338400.050977,-0.900399
338400.051025,0.981249
338400.051074,2.105504
338400.051123,0.626221
338400.051172,-0.580874
338400.051221,0.460541
338400.051270,1.904322
338400.051318,1.525625
338400.051367,-0.474366
338400.051416,-1.456610
338400.051465,-0.261349
338400.051514,-0.000995
338400.051563,-0.580874
338400.051611,-2.285008
338400.051660,-0.640046
338400.051709,1.963493
338400.051758,1.383614
338400.051807,-0.095669
338400.051855,-0.154841
338400.051904,0.259359
338400.051953,1.525625
338400.052002,-0.060166
338400.052051,-2.285008
338400.052100,-1.480278
338400.052148,1.383614
338400.052197,1.868819
338400.052246,-0.060166
338400.052295,-1.042410
338400.052344,0.081845
338400.052393,1.927990
338400.052441,0.401370
338400.052490,-0.261349
338400.052539,-1.219924
338400.052588,0.164685
338400.052637,0.022673
338400.052686,-0.900399
338400.052734,-0.320520
338400.052783,2.046333
338400.052832,1.868819
338400.052881,0.200187
338400.052930,-0.474366
338400.052979,0.661724
338400.053027,1.442785
338400.053076,0.342199
338400.053125,0.022673
338400.053174,-0.498034
338400.053223,0.164685
338400.053271,1.146929
338400.053320,0.685392
338400.053369,0.342199
338400.053418,-0.320520
338400.053467,-1.196256
338400.053516,-0.640046
338400.053564,-0.616377
338400.053613,-0.154841
338400.053662,0.105513
338400.053711,-0.580874
338400.053760,-0.699217
338400.053809,-0.616377
338400.053857,0.365867
338400.053906,-0.356023
338400.053955,-0.675548
338400.054004,0.425039
338400.054053,-0.095669
338400.054102,0.081845
338400.054150,0.744564
338400.054199,1.584797
338400.054248,0.827404
338400.054297,-0.817559
338400.054346,-1.361936
338400.054395,-0.000995
338400.054443,0.862906
338400.054492,0.200187
338400.054541,-1.456610
338400.054590,-1.503947
338400.054639,-0.616377
338400.054688,0.141016
338400.054736,0.460541
338400.054785,0.744564
338400.054834,0.519713
338400.054883,-0.060166
338400.054932,-0.616377
338400.054980,0.720895
338400.055029,2.626212
338400.055078,0.460541
338400.055127,-0.675548
338400.055176,-0.036498
338400.055225,-0.119338
338400.055273,0.365867
338400.055322,1.703139
338400.055371,0.306696
338400.055420,-1.823472
338400.055469,-2.746545
338400.055518,-1.681461
338400.055566,-0.000995
338400.055615,0.223856
338400.055664,-1.622290
338400.055713,-2.344180
338400.055762,-1.681461
338400.055811,0.827404
338400.055859,0.803735
338400.055908,0.022673
338400.055957,0.519713
338400.056006,-0.379692
338400.056055,0.223856
338400.056104,0.365867
338400.056152,0.602552
338400.056201,1.584797
338400.056250,0.259359
338400.056299,-1.598621
338400.056348,-2.285008
338400.056396,0.105513
338400.056445,1.324443
338400.056494,0.543381
338400.056543,-1.361936
338400.056592,-0.356023
338400.056641,0.342199
338400.056689,-0.154841
338400.056738,-0.379692
338400.056787,-0.356023
338400.056836,0.567050
338400.056885,1.123260
338400.056934,1.087757
338400.056982,0.259359
338400.057031,1.146929
338400.057080,1.383614
338400.057129,0.425039
338400.057178,-0.935902
338400.057227,-0.000995
338400.057275,1.726808
338400.057324,0.484210
338400.057373,-1.077913
338400.057422,-2.261340
338400.057471,-1.338267
338400.057520,0.141016
338400.057568,-0.876731
338400.057617,-1.279096
338400.057666,-1.137085
338400.057715,-0.782057
338400.057764,-0.000995
338400.057812,-0.758388
338400.057861,0.046342
338400.057910,0.223856
338400.057959,0.543381
338400.058008,0.105513
338400.058057,-0.474366
338400.058105,-0.296852
338400.058154,0.768232
338400.058203,0.768232
338400.058252,-0.214012
338400.058301,-0.935902
338400.058350,-0.557206
338400.058398,-0.699217
338400.058447,-0.580874
338400.058496,-0.616377
338400.058545,-0.616377
338400.058594,-0.817559
338400.058643,0.365867
338400.058691,1.667637
338400.058740,0.460541
338400.058789,-0.178509
338400.058838,-0.935902
338400.058887,0.259359
338400.058936,0.460541
338400.058984,1.324443
338400.059033,0.744564
338400.059082,-0.474366
338400.059131,0.200187
338400.059180,0.105513
338400.059229,-0.036498
338400.059277,-0.214012
338400.059326,-0.154841
338400.059375,-1.160753
338400.059424,-1.160753
338400.059473,-0.900399
338400.059521,-0.296852
338400.059570,-0.699217
338400.059619,-0.580874
338400.059668,-0.296852
338400.059717,-0.356023
338400.059766,-0.214012
338400.059814,-0.722885
338400.059863,-1.302764
338400.059912,-0.154841
338400.059961,-0.000995
338400.060010,-0.036498
338400.060059,0.200187
338400.060107,0.306696
338400.060156,-0.758388
338400.060205,-0.782057
338400.060254,-0.521703
338400.060303,0.200187
338400.060352,-0.237680
338400.060400,-1.042410
338400.060449,-0.983239
338400.060498,-0.959571
338400.060547,-1.965483
338400.060596,-0.900399
338400.060645,0.945746
338400.060693,0.519713
338400.060742,-0.356023
338400.060791,-0.356023
338400.060840,1.466454
338400.060889,3.750467
338400.060937,2.010830
338400.060986,-4.166657
338400.061035,-3.006899
338400.061084,2.389527
338400.061133,2.590709
338400.061182,-2.142997
338400.061230,-3.184413
338400.061279,-0.841228
338400.061328,1.146929
338400.061377,0.223856
338400.061426,-2.640036
338400.061475,-2.521694
338400.061523,-2.486191
338400.061572,-1.740632
338400.061621,-0.296852
338400.061670,-1.137085
338400.061719,-0.557206
338400.061768,0.105513
338400.061816,-0.841228
338400.061865,0.105513
338400.061914,0.543381
338400.061963,-0.498034
338400.062012,-1.160753
338400.062061,1.348111
338400.062109,-0.521703
338400.062158,-1.563118
338400.062207,-0.320520
338400.062256,-0.060166
338400.062305,0.460541
338400.062354,0.365867
338400.062402,0.046342
338400.062451,-1.361936
338400.062500,-1.018742
338400.062549,-0.214012
338400.062598,-0.983239
338400.062646,-0.983239
338400.062695,-0.178509
338400.062744,0.519713
338400.062793,0.200187
338400.062842,0.519713
338400.062891,0.685392
338400.062939,0.543381
338400.062988,1.028586
338400.063037,1.288940
338400.063086,0.200187
338400.063135,-0.616377
338400.063184,0.200187
338400.063232,0.626221
338400.063281,0.306696
338400.063330,0.046342
338400.063379,-0.557206
338400.063428,-0.095669
338400.063477,-0.415194
338400.063525,-0.438863
338400.063574,-0.474366
338400.063623,-0.935902
338400.063672,-1.160753
338400.063721,-0.178509
338400.063770,0.768232
338400.063818,-0.036498
338400.063867,0.342199
338400.063916,0.519713
338400.063965,0.626221
338400.064014,-0.438863
338400.064063,-0.675548
338400.064111,0.519713
338400.064160,2.484201
338400.064209,0.886575
338400.064258,-0.758388
338400.064307,-1.042410
338400.064355,-0.521703
338400.064404,-0.296852
338400.064453,-0.474366
338400.064502,-0.296852
338400.064551,-0.379692
338400.064600,-0.000995
338400.064648,1.123260
338400.064697,0.768232
338400.064746,-0.876731
338400.064795,-0.438863
338400.064844,1.987162
338400.064893,3.466445
338400.064941,0.602552
338400.064990,-2.178500
338400.065039,-0.616377
338400.065088,1.288940
338400.065137,1.726808
338400.065186,-0.261349
338400.065234,-1.219924
338400.065283,-0.438863
338400.065332,0.259359
338400.065381,-0.237680
338400.065430,-1.077913
338400.065479,0.543381
338400.065527,1.549294
338400.065576,0.922078
338400.065625,-1.764301
338400.065674,-1.823472
338400.065723,0.259359
338400.065771,0.626221
338400.065820,-0.095669
338400.065869,-1.219924
338400.065918,-0.379692
338400.065967,1.750476
338400.066016,0.886575
338400.066064,-0.817559
338400.066113,-1.077913
338400.066162,-0.296852
338400.066211,0.768232
338400.066260,-0.060166
338400.066309,-1.503947
338400.066357,-1.456610
338400.066406,-0.356023
338400.066455,-0.154841
338400.066504,-0.640046
338400.066553,-1.018742
338400.066602,-0.640046
338400.066650,-0.178509
338400.066699,0.460541
338400.066748,-0.616377
338400.066797,-0.699217
338400.066846,0.543381
338400.066895,0.922078
338400.066943,-0.675548
338400.066992,-0.119338
338400.067041,1.809648
338400.067090,1.466454
338400.067139,-0.320520
338400.067188,0.283027
338400.067236,-0.616377
338400.067285,-0.959571
338400.067334,-0.935902
338400.067383,-1.279096
338400.067432,-0.214012
338400.067480,-0.036498
338400.067529,-0.438863
338400.067578,-0.119338
338400.067627,0.200187
338400.067676,0.922078
338400.067725,0.105513
338400.067773,0.105513
338400.067822,0.744564
338400.067871,0.922078
338400.067920,0.744564
338400.067969,0.661724
338400.068018,0.720895
338400.068066,0.306696
338400.068115,0.223856
338400.068164,-0.498034
338400.068213,-0.640046
338400.068262,0.661724
338400.068311,0.365867
338400.068359,-1.101582
338400.068408,-2.225837
338400.068457,-0.900399
338400.068506,0.200187
338400.068555,-0.580874
338400.068604,-1.657792
338400.068652,-0.438863
338400.068701,1.064089
338400.068750,0.283027
338400.068799,0.022673
338400.068848,0.768232
338400.068896,2.129173
338400.068945,1.146929
338400.068994,-0.498034
338400.069043,-0.438863
338400.069092,-0.000995
338400.069141,2.105504
338400.069189,-0.580874
338400.069238,-1.622290
338400.069287,0.922078
338400.069336,-1.101582
338400.069385,0.283027
338400.069434,-0.356023
338400.069482,-1.243593
338400.069531,-0.438863
338400.069580,-1.018742
338400.069629,-0.935902
338400.069678,0.081845
338400.069727,1.348111
338400.069775,2.271184
338400.069824,0.922078
338400.069873,-0.935902
338400.069922,-0.000995
338400.069971,1.584797
338400.070020,1.241603
338400.070068,0.306696
338400.070117,0.223856
338400.070166,0.022673
338400.070215,-0.379692
338400.070264,-0.616377
338400.070312,-0.320520
338400.070361,-0.521703
338400.070410,-0.675548
338400.070459,-0.959571
338400.070508,-1.705129
338400.070557,-0.036498
338400.070605,0.081845
338400.070654,0.519713
338400.070703,-0.000995
338400.070752,-0.841228
338400.070801,-0.237680
338400.070850,0.886575
338400.070898,0.945746
338400.070947,-0.036498
338400.070996,0.567050
338400.071045,1.028586
338400.071094,0.425039
338400.071143,-0.356023
338400.071191,-0.935902
338400.071240,-0.261349
338400.071289,-0.060166
338400.071338,-0.415194
338400.071387,-0.699217
338400.071436,-0.959571
338400.071484,-1.160753
338400.071533,0.259359
338400.071582,0.685392
338400.071631,0.081845
338400.071680,0.046342
338400.071729,0.484210
338400.071777,0.685392
338400.071826,1.146929
338400.071875,0.744564
338400.071924,1.064089
338400.071973,0.567050
338400.072021,0.259359
338400.072070,0.365867
338400.072119,1.004918
338400.072168,0.365867
338400.072217,-1.941815
338400.072266,-1.681461
338400.072314,-0.722885
338400.072363,-0.178509
338400.072412,-0.214012
338400.072461,-0.640046
338400.072510,-1.563118
338400.072559,-0.876731
338400.072607,0.602552
338400.072656,0.661724
338400.072705,-0.237680
338400.072754,-0.616377
338400.072803,-0.438863
338400.072852,1.407283
338400.072900,1.549294
338400.072949,-0.119338
338400.072998,-2.261340
338400.073047,-0.580874
338400.073096,0.945746
338400.073145,-0.841228
338400.073193,-1.243593
338400.073242,-1.018742
338400.073291,-0.261349
338400.073340,1.584797
338400.073389,0.484210
338400.073437,-2.000986
338400.073486,-2.178500
338400.073535,0.342199
338400.073584,0.022673
338400.073633,-0.320520
338400.073682,-0.876731
338400.073730,0.827404
338400.073779,3.549285
338400.073828,3.348102
338400.073877,-0.060166
338400.073926,-1.681461
338400.073975,-0.261349
338400.074023,1.845150
338400.074072,1.146929
338400.074121,-2.545362
338400.074170,-0.935902
338400.074219,0.862906
338400.074268,0.981249
338400.074316,-0.036498
338400.074365,-1.598621
338400.074414,-0.699217
338400.074463,0.425039
338400.074512,0.567050
338400.074561,-0.036498
338400.074609,0.164685
338400.074658,2.046333
338400.074707,1.868819
338400.074756,-0.296852
338400.074805,-1.539450
338400.074854,-0.616377
338400.074902,0.661724
338400.074951,0.306696
338400.075000,-0.580874
338400.075049,-1.101582
338400.075098,1.383614
338400.075146,2.010830
338400.075195,-0.296852
338400.075244,-2.580865
338400.075293,-1.941815
338400.075342,-0.154841
338400.075391,0.342199
338400.075439,-0.356023
338400.075488,-0.841228
338400.075537,0.306696
338400.075586,1.087757
338400.075635,0.768232
338400.075684,0.401370
338400.075732,0.484210
338400.075781,0.460541
338400.075830,1.442785
338400.075879,1.348111
338400.075928,0.401370
338400.075977,-0.675548
338400.076025,0.141016
338400.076074,1.525625
338400.076123,0.862906
338400.076172,-0.119338
338400.076221,-0.876731
338400.076270,-0.356023
338400.076318,-0.675548
338400.076367,-0.237680
338400.076416,0.342199
338400.076465,-0.060166
338400.076514,-0.178509
338400.076562,-0.640046
338400.076611,-0.521703
338400.076660,-0.237680
338400.076709,1.584797
338400.076758,2.271184
338400.076807,0.342199
338400.076855,-0.498034
338400.076904,0.259359
338400.076953,0.720895
338400.077002,0.022673
338400.077051,-0.095669
338400.077100,-1.042410
338400.077148,-1.361936
338400.077197,0.602552
338400.077246,0.922078
338400.077295,1.501957
338400.077344,1.265271
338400.077393,0.685392
338400.077441,-1.740632
338400.077490,-1.563118
338400.077539,0.365867
338400.077588,2.448698
338400.077637,1.241603
338400.077686,-0.841228
338400.077734,-1.160753
338400.077783,1.028586
338400.077832,2.626212
338400.077881,1.667637
338400.077930,-0.616377
338400.077979,-1.077913
338400.078027,-0.557206
338400.078076,0.401370
338400.078125,-0.119338
338400.078174,0.744564
338400.078223,1.028586
338400.078271,1.608465
338400.078320,-0.356023
338400.078369,-1.503947
338400.078418,-0.438863
338400.078467,-0.214012
338400.078516,-0.557206
338400.078564,-0.935902
338400.078613,-1.361936
338400.078662,0.259359
338400.078711,1.442785
338400.078760,0.141016
338400.078809,-1.882643
338400.078857,-0.722885
338400.078906,2.164676
338400.078955,1.123260
338400.079004,-0.722885
338400.079053,-0.782057
338400.079102,-0.296852
338400.079150,0.342199
338400.079199,1.028586
338400.079248,-0.000995
338400.079297,-1.101582
338400.079346,-0.474366
338400.079395,0.661724
338400.079443,0.626221
338400.079492,-0.154841
338400.079541,-0.000995
338400.079590,-0.036498
338400.079639,1.004918
338400.079688,0.460541
338400.079736,0.519713
338400.079785,0.886575
338400.079834,0.981249
338400.079883,0.626221
338400.079932,-0.095669
338400.079980,0.283027
338400.080029,1.265271
338400.080078,0.484210
338400.080127,-0.521703
338400.080176,-1.018742
338400.080225,-0.782057
338400.080273,-0.060166
338400.080322,0.519713
338400.080371,0.259359
338400.080420,-0.557206
338400.080469,-0.616377
338400.080518,-0.261349
338400.080566,-0.154841
338400.080615,-0.616377
338400.080664,-0.154841
338400.080713,0.259359
338400.080762,0.164685
338400.080811,0.022673
338400.080859,-0.154841
338400.080908,0.425039
338400.080957,1.123260
338400.081006,1.004918
338400.081055,-0.237680
338400.081104,-2.202168
338400.081152,-0.154841
338400.081201,-0.675548
338400.081250,-0.841228
338400.081299,0.164685
338400.081348,-0.557206
338400.081396,-0.095669
338400.081445,0.567050
338400.081494,0.543381
338400.081543,0.543381
338400.081592,-0.214012
338400.081641,-0.640046
338400.081689,-0.722885
338400.081738,0.105513
338400.081787,1.785979
338400.081836,2.129173
338400.081885,-0.119338
338400.081934,-1.279096
338400.081982,-0.261349
338400.082031,1.182432
338400.082080,0.768232
338400.082129,-1.705129
338400.082178,-2.746545
338400.082227,-0.722885
338400.082275,0.519713
338400.082324,0.141016
338400.082373,-0.557206
338400.082422,-0.095669
338400.082471,0.886575
338400.082520,1.442785
338400.082568,0.460541
338400.082617,-0.119338
338400.082666,1.584797
338400.082715,1.123260
338400.082764,-0.237680
338400.082813,-1.799803
338400.082861,-1.503947
338400.082910,-0.119338
338400.082959,1.324443
338400.083008,0.543381
338400.083057,-1.503947
338400.083105,-0.900399
338400.083154,-0.178509
338400.083203,-0.959571
338400.083252,-0.178509
338400.083301,0.105513
338400.083350,0.259359
338400.083398,-0.722885
338400.083447,-0.474366
338400.083496,0.803735
338400.083545,0.744564
338400.083594,0.768232
338400.083643,0.626221
338400.083691,-0.935902
338400.083740,-0.095669
338400.083789,1.146929
338400.083838,0.744564
338400.083887,-0.521703
338400.083936,-0.438863
338400.083984,0.342199
338400.084033,0.484210
338400.084082,0.223856
338400.084131,0.259359
338400.084180,0.425039
338400.084229,0.519713
338400.084277,0.460541
338400.084326,-0.237680
338400.084375,-0.900399
338400.084424,-0.699217
338400.084473,0.744564
338400.084521,0.827404
338400.084570,0.164685
338400.084619,0.223856
338400.084668,1.845150
338400.084717,0.342199
338400.084766,-0.640046
338400.084814,-0.237680
338400.084863,0.141016
338400.084912,-1.042410
338400.084961,-1.480278
338400.085010,-0.320520
338400.085059,0.365867
338400.085107,-0.722885
338400.085156,-1.480278
338400.085205,-0.782057
338400.085254,0.827404
338400.085303,1.927990
338400.085352,1.087757
338400.085400,-0.438863
338400.085449,-1.279096
338400.085498,0.046342
338400.085547,0.626221
338400.085596,0.922078
338400.085645,0.105513
338400.085693,0.141016
338400.085742,0.567050
338400.085791,0.022673
338400.085840,0.164685
338400.085889,1.608465
338400.085938,-0.036498
338400.085986,-1.302764
338400.086035,-0.320520
338400.086084,0.945746
338400.086133,0.081845
338400.086182,-0.521703
338400.086230,0.543381
338400.086279,1.383614
338400.086328,-0.095669
338400.086377,0.164685
338400.086426,0.602552
338400.086475,1.004918
338400.086523,1.064089
338400.086572,0.141016
338400.086621,-0.154841
338400.086670,1.608465
338400.086719,1.265271
338400.086768,-0.498034
338400.086816,-2.142997
338400.086865,0.223856
338400.086914,1.525625
338400.086963,0.460541
338400.087012,-1.480278
338400.087061,-0.214012
338400.087109,1.643968
338400.087158,0.661724
338400.087207,-1.740632
338400.087256,-0.722885
338400.087305,1.206100
338400.087354,0.886575
338400.087402,0.022673
338400.087451,-0.782057
338400.087500,-0.296852
338400.087549,0.306696
338400.087598,1.324443
338400.087646,-0.214012
338400.087695,-1.622290
338400.087744,0.365867
338400.087793,0.981249
338400.087842,0.259359
338400.087891,-1.042410
338400.087939,-0.237680
338400.087988,0.223856
338400.088037,0.425039
338400.088086,0.460541
338400.088135,-0.675548
338400.088184,0.105513
338400.088232,1.442785
338400.088281,1.324443
338400.088330,0.283027
338400.088379,-0.320520
338400.088428,0.744564
338400.088477,0.981249
338400.088525,0.981249
338400.088574,0.945746
338400.088623,0.685392
338400.088672,1.206100
338400.088721,1.525625
338400.088770,-0.356023
338400.088818,-0.415194
338400.088867,1.904322
338400.088916,2.886566
338400.088965,-0.119338
338400.089014,-1.219924
338400.089062,-0.722885
338400.089111,0.685392
338400.089160,1.667637
338400.089209,0.460541
338400.089258,-0.758388
338400.089307,-0.817559
338400.089355,0.283027
338400.089404,0.827404
338400.089453,-0.675548
338400.089502,-0.296852
338400.089551,-0.296852
338400.089600,0.543381
338400.089648,0.022673
338400.089697,-0.237680
338400.089746,0.164685
338400.089795,0.164685
338400.089844,1.146929
338400.089893,0.425039
338400.089941,0.401370
338400.089990,-0.060166
338400.090039,-0.296852
338400.090088,-2.864887
338400.090137,-2.285008
338400.090186,1.584797
338400.090234,1.963493
338400.090283,-1.219924
338400.090332,-2.403351
338400.090381,-0.379692
338400.090430,2.709052
338400.090479,1.324443
338400.090527,-0.320520
338400.090576,-0.876731
338400.090625,0.342199
338400.090674,2.223847
338400.090723,0.460541
338400.090771,-0.474366
338400.090820,1.087757
338400.090869,1.868819
338400.090918,0.081845
338400.090967,-1.018742
338400.091016,1.348111
338400.091064,2.365858
338400.091113,2.070001
338400.091162,-1.361936
338400.091211,-2.983230
338400.091260,-0.983239
338400.091309,-0.060166
338400.091357,0.105513
338400.091406,-0.498034
338400.091455,-0.060166
338400.091504,0.484210
338400.091553,1.146929
338400.091602,1.146929
338400.091650,-0.214012
338400.091699,0.803735
338400.091748,1.643968
338400.091797,0.626221
338400.091846,-0.498034
338400.091895,0.661724
338400.091943,-0.214012
338400.091992,0.200187
338400.092041,0.768232
338400.092090,-0.237680
338400.092139,0.164685
338400.092187,0.022673
338400.092236,-0.261349
338400.092285,-0.722885
338400.092334,-0.900399
338400.092383,-0.060166
338400.092432,0.342199
338400.092480,0.602552
338400.092529,1.146929
338400.092578,0.661724
338400.092627,0.661724
338400.092676,0.567050
338400.092725,0.105513
338400.092773,0.022673
338400.092822,0.141016
338400.092871,-0.095669
338400.092920,0.223856
338400.092969,0.886575
338400.093018,0.081845
338400.093066,-0.320520
338400.093115,-0.178509
338400.093164,-0.521703
338400.093213,-0.521703
338400.093262,-0.758388
338400.093311,0.046342
338400.093359,-0.699217
338400.093408,-0.722885
338400.093457,-0.521703
338400.093506,-0.178509
338400.093555,-0.214012
338400.093604,0.685392
338400.093652,0.259359
338400.093701,0.200187
338400.093750,-0.474366
338400.093799,0.981249
338400.093848,0.744564
338400.093896,0.460541
338400.093945,0.803735
338400.093994,0.519713
338400.094043,0.141016
338400.094092,-0.356023
338400.094141,-0.722885
338400.094189,-0.959571
338400.094238,-0.557206
338400.094287,-1.279096
338400.094336,-1.219924
338400.094385,-0.521703
338400.094434,0.685392
338400.094482,0.685392
338400.094531,0.401370
338400.094580,-0.036498
338400.094629,-0.296852
338400.094678,0.803735
338400.094727,0.484210
338400.094775,-0.959571
338400.094824,-0.356023
338400.094873,1.785979
338400.094922,0.460541
338400.094971,-1.657792
338400.095020,-1.681461
338400.095068,-0.154841
338400.095117,-0.178509
338400.095166,-0.900399
338400.095215,-1.480278
338400.095264,-1.421107
338400.095313,-0.320520
338400.095361,0.484210
338400.095410,-0.876731
338400.095459,-0.438863
338400.095508,0.460541
338400.095557,0.543381
338400.095605,0.886575
338400.095654,-0.580874
338400.095703,-0.782057
338400.095752,-0.841228
338400.095801,0.626221
338400.095850,0.519713
338400.095898,-0.616377
338400.095947,-1.456610
338400.095996,-0.935902
338400.096045,-0.474366
338400.096094,-0.154841
338400.096143,-0.261349
338400.096191,-0.959571
338400.096240,-1.338267
338400.096289,-1.361936
338400.096338,-0.935902
338400.096387,-0.498034
338400.096436,-0.415194
338400.096484,0.164685
338400.096533,0.259359
338400.096582,-0.237680
338400.096631,-1.219924
338400.096680,-0.782057
338400.096729,0.141016
338400.096777,0.164685
338400.096826,-0.060166
338400.096875,-1.042410
338400.096924,-1.219924
338400.096973,-0.119338
338400.097021,0.460541
338400.097070,0.081845
338400.097119,-0.498034
338400.097168,0.200187
338400.097217,0.365867
338400.097266,0.259359
338400.097314,-0.474366
338400.097363,-1.018742
338400.097412,0.768232
338400.097461,0.661724
338400.097510,-0.935902
338400.097559,-1.361936
338400.097607,0.720895
338400.097656,1.904322
338400.097705,2.010830
338400.097754,-0.415194
338400.097803,-1.657792
338400.097852,-1.338267
338400.097900,-0.237680
338400.097949,-0.640046
338400.097998,-2.119329
338400.098047,-1.657792
338400.098096,-0.557206
338400.098145,-0.722885
338400.098193,-0.959571
338400.098242,-0.296852
338400.098291,-1.219924
338400.098340,-1.480278
338400.098389,-0.876731
338400.098438,-0.178509
338400.098486,-1.361936
338400.098535,-0.415194
338400.098584,-0.474366
338400.098633,-1.338267
338400.098682,-1.882643
338400.098730,1.525625
338400.098779,-0.521703
338400.098828,-2.580865
338400.098877,-1.101582
338400.098926,-0.119338
338400.098975,0.105513
338400.099023,-1.160753
338400.099072,-2.722876
338400.099121,-1.018742
338400.099170,0.259359
338400.099219,0.200187
338400.099268,-0.983239
338400.099316,-1.503947
338400.099365,-0.095669
338400.099414,-0.474366
338400.099463,-0.154841
338400.099512,0.365867
338400.099561,0.283027
338400.099609,-0.060166
338400.099658,-0.320520
338400.099707,-1.077913
338400.099756,-0.675548
338400.099805,0.803735
338400.099854,-0.415194
338400.099902,-1.918146
338400.099951,-2.640036
588600.000000,-0.036498
588600.000049,-4.083817
588600.000098,-1.965483
588600.000146,-2.983230
588600.000195,2.070001
588600.000244,-1.823472
588600.000293,-0.699217
588600.000342,-2.924059
588600.000391,2.448698
588600.000439,3.608456
588600.000488,3.572953
588600.000537,0.259359
588600.000586,-0.817559
588600.000635,-2.580865
588600.000684,-4.190326
588600.000732,-0.699217
588600.000781,1.348111
588600.000830,2.851063
588600.000879,-0.817559
588600.000928,-3.468435
588600.000977,-1.042410
588600.001025,1.904322
588600.001074,-2.545362
588600.001123,3.809639
588600.001172,-0.699217
588600.001221,-6.971378
588600.001270,-6.533510
588600.001318,6.780039
588600.001367,2.531538
588600.001416,-3.705121
588600.001465,-2.947727
588600.001514,6.176492
588600.001563,6.638029
588600.001611,-5.267244
588600.001660,-6.876704
588600.001709,-1.539450
588600.001758,4.152833
588600.001807,3.253428
588600.001855,-6.592681
588600.001904,-7.977290
588600.001953,3.087748
588600.002002,4.874722
588600.002051,-2.024655
588600.002100,-4.545353
588600.002148,4.271175
588600.002197,5.312590
588600.002246,-1.823472
588600.002295,3.288931
588600.002344,-0.474366
588600.002393,-3.160744
588600.002441,-2.746545
588600.002490,7.277079
588600.002539,4.590700
588600.002588,-1.622290
588600.002637,-0.640046
588600.002686,3.028577
588600.002734,4.271175
588600.002783,0.827404
588600.002832,-7.432914
588600.002881,-10.521657
588600.002930,-4.545353
588600.002979,6.957554
588600.003027,7.738616
588600.003076,-3.468435
588600.003125,-7.172560
588600.003174,12.993029
588600.003223,20.306606
588600.003271,21.229679
588600.003320,6.780039
588600.003369,0.105513
588600.003418,-11.847095
588600.003467,-6.829367
588600.003516,-0.261349
588600.003564,8.058141
588600.003613,12.271139
588600.003662,2.886566
588600.003711,-3.066070
588600.003760,-1.160753
588600.003809,-2.947727
588600.003857,-0.214012
588600.003906,0.661724
588600.003955,5.253419
588600.004004,0.141016
588600.004053,-4.663696
588600.004102,0.484210
588600.004150,0.768232
588600.004199,1.785979
588600.004248,2.330355
588600.004297,1.904322
588600.004346,-7.397411
588600.004395,-5.148901
588600.004443,0.803735
588600.004492,5.135077
588600.004541,-0.557206
588600.004590,-3.764292
588600.004639,-0.095669
588600.004687,1.348111
588600.004736,6.922051
588600.004785,1.182432
588600.004834,-3.705121
588600.004883,-6.450670
588600.004932,-6.308659
588600.004980,-0.415194
588600.005029,5.430933
588600.005078,-2.983230
588600.005127,-0.261349
588600.005176,2.448698
588600.005225,-0.438863
588600.005273,2.010830
588600.005322,5.916138
588600.005371,4.957562
588600.005420,-7.515754
588600.005469,-5.929963
588600.005518,-0.178509
588600.005566,1.963493
588600.005615,1.466454
588600.005664,-5.586769
588600.005713,0.401370
588600.005762,9.182396
588600.005811,-1.018742
588600.005859,-10.640000
588600.005908,-4.770205
588600.005957,3.833307
588600.006006,1.028586
588600.006055,-5.610437
588600.006104,-12.000941
588600.006152,-1.338267
588600.006201,8.945710
588600.006250,4.496026
588600.006299,-0.876731
588600.006348,4.212004
588600.006396,6.034481
588600.006445,1.703139
588600.006494,1.407283
588600.006543,-1.823472
588600.006592,1.549294
588600.006641,3.229759
588600.006689,3.430942
588600.006738,3.513782
588600.006787,5.655784
588600.006836,-1.137085
588600.006885,-3.669618
588600.006934,5.513772
588600.006982,3.206091
588600.007031,-3.421098
588600.007080,-14.770160
588600.007129,-7.870782
588600.007178,0.200187
588600.007227,7.217907
588600.007275,2.945737
588600.007324,1.726808
588600.007373,-6.367830
588600.007422,-30.166542
588600.007471,-42.710861
588600.007520,-11.421062
588600.007568,14.756335
588600.007617,0.223856
588600.007666,-9.716928
588600.007715,8.200151
588600.007764,15.596568
588600.007812,9.359909
588600.007861,-1.279096
588600.007910,2.768223
588600.007959,6.555189
588600.008008,4.709043
588600.008057,-11.740587
588600.008105,-10.036453
588600.008154,2.129173
588600.008203,4.531529
588600.008252,1.785979
588600.008301,-1.480278
588600.008350,1.904322
588600.008398,1.809648
588600.008447,5.892469
588600.008496,0.401370
588600.008545,-5.953631
588600.008594,-2.722876
588600.008643,0.720895
588600.008691,0.922078
588600.008740,0.105513
588600.008789,-4.308668
588600.008838,-2.379683
588600.008887,4.354015
588600.008936,10.282983
588600.008984,5.170579
588600.009033,-7.835279
588600.009082,-11.219879
588600.009131,-5.231741
588600.009180,3.833307
588600.009229,2.247515
588600.009277,-5.148901
588600.009326,-0.557206
588600.009375,3.371771
588600.009424,2.271184
588600.009473,2.531538
588600.009521,4.010821
588600.009570,7.501930
588600.009619,0.259359
588600.009668,-6.853035
588600.009717,-1.279096
588600.009766,0.081845
588600.009814,2.010830
588600.009863,-1.077913
588600.009912,0.306696
588600.009961,4.709043
588600.010010,0.105513
588600.010059,-3.361927
588600.010107,-4.048315
588600.010156,-2.900390
588600.010205,0.886575
588600.010254,0.164685
588600.010303,-6.592681
588600.010352,-5.894460
588600.010400,3.750467
588600.010449,2.886566
588600.010498,-1.018742
588600.010547,2.886566
588600.010596,7.241576
588600.010645,0.342199
588600.010693,0.141016
588600.010742,2.827395
588600.010791,-0.154841
588600.010840,-3.823463
588600.010889,0.223856
588600.010938,6.152823
588600.010986,1.904322
588600.011035,0.862906
588600.011084,-0.900399
588600.011133,3.927981
588600.011182,5.371762
588600.011230,0.945746
588600.011279,-11.906267
588600.011328,-10.462486
588600.011377,6.152823
588600.011426,5.371762
588600.011475,-0.817559
588600.011523,-2.225837
588600.011572,-0.415194
588600.011621,11.430906
588600.011670,8.259323
588600.011719,9.442750
588600.011768,10.602508
588600.011816,6.957554
588600.011865,-1.018742
588600.011914,-5.929963
588600.011963,-7.231731
588600.012012,7.963466
588600.012061,11.087712
588600.012109,-3.184413
588600.012158,-6.154814
588600.012207,2.070001
588600.012256,5.856966
588600.012305,-0.036498
588600.012354,-0.036498
588600.012402,1.123260
588600.012451,0.022673
588600.012500,-3.101573
588600.012549,-0.095669
588600.012598,1.927990
588600.012646,3.691296
588600.012695,2.531538
588600.012744,-2.782048
588600.012793,-4.770205
588600.012842,-0.841228
588600.012891,-1.622290
588600.012939,-2.202168
588600.012988,-4.048315
588600.013037,-2.178500
588600.013086,-0.060166
588600.013135,-1.018742
588600.013184,3.111417
588600.013232,1.703139
588600.013281,-3.468435
588600.013330,-8.876695
588600.013379,-2.379683
588600.013428,4.413186
588600.013477,2.010830
588600.013525,-5.811620
588600.013574,2.507869
588600.013623,3.833307
588600.013672,3.312599
588600.013721,4.212004
588600.013770,6.496017
588600.013818,4.448689
588600.013867,-2.640036
588600.013916,-3.906303
588600.013965,0.306696
588600.014014,1.525625
588600.014062,1.987162
588600.014111,-3.421098
588600.014160,1.703139
588600.014209,8.282991
588600.014258,0.342199
588600.014307,-9.941779
588600.014355,-5.385586
588600.014404,0.602552
588600.014453,4.330346
588600.014502,-3.184413
588600.014551,-6.249487
588600.014600,-1.279096
588600.014648,5.395430
588600.014697,4.756380
588600.014746,1.845150
588600.014795,1.868819
588600.014844,2.626212
588600.014893,-1.941815
588600.014941,-0.900399
588600.014990,-2.983230
588600.015039,-3.208081
588600.015088,-2.640036
588600.015137,1.785979
588600.015186,4.271175
588600.015234,1.348111
588600.015283,-3.468435
588600.015332,0.460541
588600.015381,6.496017
588600.015430,3.028577
588600.015479,-6.367830
588600.015527,-10.959525
588600.015576,-3.787961
588600.015625,7.277079
588600.015674,7.762284
588600.015723,-1.965483
588600.015771,-8.793855
588600.015820,-18.060085
588600.015869,-6.770195
588600.015918,17.620228
588600.015967,12.129128
588600.016016,-4.687365
588600.016064,-12.888511
588600.016113,-8.533501
588600.016162,-3.847132
588600.016211,6.152823
588600.016260,7.359919
588600.016309,0.803735
588600.016357,0.141016
588600.016406,2.649881
588600.016455,-0.521703
588600.016504,-4.971387
588600.016553,-1.397438
588600.016602,2.827395
588600.016650,2.768223
588600.016699,4.791883
588600.016748,4.294844
588600.016797,2.425030
588600.016846,0.626221
588600.016895,1.123260
588600.016943,-1.799803
588600.016992,-6.415168
588600.017041,-4.308668
588600.017090,-1.077913
588600.017139,-2.722876
588600.017188,-1.858975
588600.017236,0.661724
588600.017285,5.217916
588600.017334,4.472357
588600.017383,5.939807
588600.017432,-1.077913
588600.017480,-4.249497
588600.017529,1.584797
588600.017578,3.750467
588600.017627,4.294844
588600.017676,-1.503947
588600.017725,-2.486191
588600.017773,-3.705121
588600.017822,0.081845
588600.017871,0.200187
588600.017920,1.028586
588600.017969,2.567041
588600.018018,-0.817559
588600.018066,-6.308659
588600.018115,-4.344171
588600.018164,7.217907
588600.018213,6.436846
588600.018262,-2.320511
588600.018311,-0.616377
588600.018359,8.484174
588600.018408,0.081845
588600.018457,-1.397438
588600.018506,-1.705129
588600.018555,-5.787951
588600.018604,0.105513
588600.018652,0.744564
588600.018701,-10.924023
588600.018750,-11.066033
588600.018799,1.324443
588600.018848,7.880626
588600.018896,-0.580874
588600.018945,4.732711
588600.018994,5.596612
588600.019043,-0.237680
588600.019092,-0.498034
588600.019141,-1.823472
588600.019189,-2.805716
588600.019238,0.401370
588600.019287,7.939798
588600.019336,3.490113
588600.019385,-3.503938
588600.019434,-4.628193
588600.019482,4.496026
588600.019531,7.963466
588600.019580,3.513782
588600.019629,-5.006890
588600.019678,-12.924013
588600.019727,-3.622281
588600.019775,7.856958
588600.019824,10.945702
588600.019873,-3.989143
588600.019922,-3.468435
588600.019971,1.241603
588600.020020,15.880591
588600.020068,23.430853
588600.020117,13.028532
588600.020166,-4.024646
588600.020215,-16.912161
588600.020264,-10.178464
588600.020312,-4.663696
588600.020361,1.549294
588600.020410,1.028586
588600.020459,-1.421107
588600.020508,2.046333
588600.020557,0.484210
588600.020605,-5.728780
588600.020654,-4.746536
588600.020703,-0.498034
588600.020752,4.188335
588600.020801,2.425030
588600.020850,-3.042402
588600.020898,-3.965475
588600.020947,4.448689
588600.020996,4.093661
588600.021045,0.342199
588600.021094,-2.320511
588600.021143,-9.196219
588600.021191,-4.450679
588600.021240,1.064089
588600.021289,-1.421107
588600.021338,-5.432923
588600.021387,-0.557206
588600.021436,4.815551
588600.021484,8.140980
588600.021533,8.543345
588600.021582,-1.480278
588600.021631,-7.634097
588600.021680,-1.539450
588600.021729,3.809639
588600.021777,1.407283
588600.021826,-5.326415
588600.021875,-2.841219
588600.021924,-0.758388
588600.021973,1.004918
588600.022021,-1.042410
588600.022070,1.123260
588600.022119,5.975310
588600.022168,0.543381
588600.022217,-5.006890
588600.022266,-1.397438
588600.022314,1.064089
588600.022363,2.768223
588600.022412,-0.817559
588600.022461,0.720895
588600.022510,6.839211
588600.022559,2.649881
588600.022607,-5.787951
588600.022656,-1.503947
588600.022705,-2.320511
588600.022754,2.010830
588600.022803,0.862906
588600.022852,-6.651853
588600.022900,-9.622253
588600.022949,-3.503938
588600.022998,2.188344
588600.023047,-1.302764
588600.023096,1.868819
588600.023145,5.714955
588600.023193,0.519713
588600.023242,1.466454
588600.023291,-1.077913
588600.023340,-1.705129
588600.023389,0.164685
588600.023438,-1.965483
588600.023486,2.507869
588600.023535,2.330355
588600.023584,-3.066070
588600.023633,1.206100
588600.023682,7.703112
588600.023730,5.277088
588600.023779,1.324443
588600.023828,-12.462477
588600.023877,-8.959535
588600.023926,0.401370
588600.023975,1.182432
588600.024023,0.744564
588600.024072,-6.012802
588600.024121,4.709043
588600.024170,2.969406
588600.024219,-14.391463
588600.024268,-10.640000
588600.024316,4.993065
588600.024365,12.673505
588600.024414,4.271175
588600.024463,1.868819
588600.024512,6.058149
588600.024561,14.531484
588600.024609,9.383578
588600.024658,-1.302764
588600.024707,3.833307
588600.024756,-0.296852
588600.024805,-7.456583
588600.024854,-8.095633
588600.024902,4.673540
588600.024951,-2.202168
588600.025000,-2.805716
588600.025049,-3.563109
588600.025098,-1.740632
588600.025146,1.324443
588600.025195,2.010830
588600.025244,1.442785
588600.025293,-1.456610
588600.025342,-5.586769
588600.025391,-1.622290
588600.025439,-0.580874
588600.025488,1.726808
588600.025537,-1.302764
588600.025586,-2.687374
588600.025635,0.981249
588600.025684,5.430933
588600.025732,9.123224
588600.025781,0.460541
588600.025830,-3.101573
588600.025879,-1.279096
588600.025928,0.626221
588600.025977,1.809648
588600.026025,0.022673
588600.026074,-4.711033
588600.026123,0.862906
588600.026172,3.975318
588600.026221,-0.379692
588600.026270,2.188344
588600.026318,3.868810
588600.026367,2.649881
588600.026416,-5.326415
588600.026465,-6.415168
588600.026514,-0.261349
588600.026563,5.916138
588600.026611,0.259359
588600.026660,-3.929971
588600.026709,1.442785
588600.026758,3.774136
588600.026807,-4.427011
588600.026855,-6.569013
588600.026904,-4.344171
588600.026953,-1.302764
588600.027002,1.206100
588600.027051,-5.231741
588600.027100,-5.551266
588600.027148,-0.296852
588600.027197,3.312599
588600.027246,-0.296852
588600.027295,-0.521703
588600.027344,2.732720
588600.027393,2.247515
588600.027441,1.348111
588600.027490,3.490113
588600.027539,1.963493
588600.027588,-5.385586
588600.027637,-1.882643
588600.027686,5.833298
588600.027734,4.034490
588600.027783,-1.799803
588600.027832,-5.870791
588600.027881,-0.095669
588600.027930,3.407274
588600.027979,2.271184
588600.028027,-7.137058
588600.028076,-11.160707
588600.028125,-7.870782
588600.028174,0.306696
588600.028223,9.442750
588600.028271,-0.379692
588600.028320,-4.663696
588600.028369,-14.746491
588600.028418,-14.391463
588600.028467,-2.438854
588600.028516,8.945710
588600.028564,8.862870
588600.028613,4.531529
588600.028662,-7.137058
588600.028711,-7.089721
588600.028760,-0.900399
588600.028809,4.910225
588600.028857,5.537441
588600.028906,4.851054
588600.028955,-0.699217
588600.029004,-3.823463
588600.029053,-4.711033
588600.029102,-1.421107
588600.029150,-0.356023
588600.029199,-1.480278
588600.029248,-1.361936
588600.029297,-0.356023
588600.029346,0.886575
588600.029395,4.957562
588600.029443,4.496026
588600.029492,0.022673
588600.029541,-3.705121
588600.029590,-7.456583
588600.029639,-3.586778
588600.029687,0.365867
588600.029736,0.602552
588600.029785,-0.261349
588600.029834,1.667637
588600.029883,0.626221
588600.029932,2.827395
588600.029980,1.750476
588600.030029,-2.900390
588600.030078,-6.711024
588600.030127,-4.770205
588600.030176,-0.119338
588600.030225,6.117321
588600.030273,3.714964
588600.030322,-2.178500
588600.030371,0.342199
588600.030420,2.791892
588600.030469,0.981249
588600.030518,-1.101582
588600.030566,4.235672
588600.030615,1.584797
588600.030664,-8.699181
588600.030713,-5.752449
588600.030762,3.206091
588600.030811,2.827395
588600.030859,-0.782057
588600.030908,-6.012802
588600.030957,3.608456
588600.031006,6.578857
588600.031055,-4.663696
588600.031104,-10.640000
588600.031152,-4.509851
588600.031201,2.649881
588600.031250,1.407283
588600.031299,-5.811620
588600.031348,-9.456573
588600.031396,3.490113
588600.031445,10.306651
588600.031494,4.791883
588600.031543,-2.722876
588600.031592,0.259359
588600.031641,2.448698
588600.031689,-0.154841
588600.031738,1.182432
588600.031787,-2.083826
588600.031836,-0.758388
588600.031885,2.910234
588600.031934,3.430942
588600.031982,-0.935902
588600.032031,-1.657792
588600.032080,-3.622281
588600.032129,-0.415194
588600.032178,4.389517
588600.032227,0.425039
588600.032275,-4.947719
588600.032324,-8.178473
588600.032373,-3.184413
588600.032422,1.845150
588600.032471,5.277088
588600.032520,3.490113
588600.032568,-8.438827
588600.032617,-8.640009
588600.032666,-9.196219
588600.032715,12.247471
588600.032764,5.797795
588600.032813,5.395430
588600.032861,-14.308622
588600.032910,-15.551221
588600.032959,-11.101537
588600.033008,0.519713
588600.033057,8.200151
588600.033105,2.590709
588600.033154,-2.462522
588600.033203,-0.178509
588600.033252,5.217916
588600.033301,-2.687374
588600.033350,-2.900390
588600.033398,4.993065
588600.033447,1.407283
588600.033496,-3.208081
588600.033545,0.543381
588600.033594,0.306696
588600.033643,0.886575
588600.033691,1.028586
588600.033740,-0.959571
588600.033789,-5.586769
588600.033838,-5.125233
588600.033887,1.123260
588600.033936,3.146919
588600.033984,0.022673
588600.034033,-1.160753
588600.034082,2.010830
588600.034131,1.703139
588600.034180,3.407274
588600.034229,3.028577
588600.034277,2.271184
588600.034326,-3.527607
588600.034375,-5.125233
588600.034424,-2.687374
588600.034473,-2.462522
588600.034521,-4.367839
588600.034570,0.164685
588600.034619,-0.095669
588600.034668,-1.219924
588600.034717,2.732720
588600.034766,4.851054
588600.034814,3.348102
588600.034863,-4.225828
588600.034912,-5.929963
588600.034961,0.342199
588600.035010,5.892469
588600.035059,4.957562
588600.035107,-4.604525
588600.035156,0.223856
588600.035205,9.880617
588600.035254,-2.983230
588600.035303,-12.142952
588600.035352,-3.385595
588600.035400,-1.503947
588600.035449,1.868819
588600.035498,-1.965483
588600.035547,-8.853026
588600.035596,-8.734684
588600.035645,-0.438863
588600.035693,2.732720
588600.035742,-3.066070
588600.035791,3.312599
588600.035840,9.064054
588600.035889,2.910234
588600.035937,-0.817559
588600.035986,-2.545362
588600.036035,0.223856
588600.036084,3.371771
588600.036133,4.093661
588600.036182,0.484210
588600.036230,0.661724
588600.036279,-1.018742
588600.036328,4.271175
588600.036377,7.395422
588600.036426,2.886566
588600.036475,-4.225828
588600.036523,-12.202124
588600.036572,-8.699181
588600.036621,1.123260
588600.036670,3.632125
588600.036719,0.626221
588600.036768,-4.628193
588600.036816,-13.669572
588600.036865,-24.154732
588600.036914,-14.628148
588600.036963,-12.261294
588600.037012,7.880626
588600.037061,0.223856
588600.037109,-15.634060
588600.037158,-5.527598
588600.037207,9.064054
588600.037256,12.389482
588600.037305,1.525625
588600.037354,1.703139
588600.037402,4.555197
588600.037451,2.247515
588600.037500,-7.432914
588600.037549,-10.462486
588600.037598,2.993074
588600.037646,0.886575
588600.037695,1.028586
588600.037744,0.200187
588600.037793,-0.758388
588600.037842,-1.302764
588600.037891,2.685383
588600.037939,-0.474366
588600.037988,-3.728789
588600.038037,-2.687374
588600.038086,0.259359
588600.038135,0.081845
588600.038184,-0.060166
588600.038232,-0.095669
588600.038281,3.868810
588600.038330,2.247515
588600.038379,5.052237
588600.038428,6.496017
588600.038477,-2.663705
588600.038525,-3.705121
588600.038574,-2.178500
588600.038623,4.874722
588600.038672,1.123260
588600.038721,-5.172570
588600.038770,-3.847132
588600.038818,2.425030
588600.038867,2.448698
588600.038916,3.229759
588600.038965,3.632125
588600.039014,1.904322
588600.039062,-1.196256
588600.039111,-2.486191
588600.039160,0.685392
588600.039209,6.294835
588600.039258,3.975318
588600.039307,-4.486182
588600.039355,2.046333
588600.039404,9.004882
588600.039453,2.271184
588600.039502,-5.847123
588600.039551,-5.350083
588600.039600,-5.929963
588600.039648,-0.959571
588600.039697,-2.403351
588600.039746,-7.870782
588600.039795,-3.527607
588600.039844,4.389517
588600.039893,1.785979
588600.039941,-10.036453
588600.039990,-3.361927
588600.040039,4.957562
588600.040088,3.111417
588600.040137,-1.361936
588600.040186,3.927981
588600.040234,0.626221
588600.040283,-1.539450
588600.040332,0.768232
588600.040381,4.496026
588600.040430,6.058149
588600.040479,-3.267253
588600.040527,-3.421098
588600.040576,-2.320511
588600.040625,7.738616
588600.040674,7.241576
588600.040723,-6.107476
588600.040771,-14.107440
588600.040820,-3.728789
588600.040869,7.620273
588600.040918,7.561101
588600.040967,3.206091
588600.041016,3.111417
588600.041064,-14.225783
588600.041113,-19.823391
588600.041162,0.768232
588600.041211,15.679407
588600.041260,10.105469
588600.041309,-9.361899
588600.041357,-11.421062
588600.041406,0.105513
588600.041455,10.389491
588600.041504,6.839211
588600.041553,-0.699217
588600.041602,1.265271
588600.041650,4.069993
588600.041699,8.401334
588600.041748,-0.841228
588600.041797,-2.403351
588600.041846,1.809648
588600.041895,1.726808
588600.041943,0.022673
588600.041992,-1.137085
588600.042041,2.969406
588600.042090,6.058149
588600.042139,2.188344
588600.042188,-1.681461
588600.042236,-6.675521
588600.042285,-1.622290
588600.042334,3.833307
588600.042383,2.164676
588600.042432,1.584797
588600.042480,-2.746545
588600.042529,1.584797
588600.042578,2.448698
588600.042627,7.963466
588600.042676,1.087757
588600.042725,-0.237680
588600.042773,-5.326415
588600.042822,-7.432914
588600.042871,-4.190326
588600.042920,-0.000995
588600.042969,0.306696
588600.043018,4.590700
588600.043066,2.010830
588600.043115,-2.805716
588600.043164,3.052246
588600.043213,6.638029
588600.043262,8.223821
588600.043311,-4.770205
588600.043359,-3.965475
588600.043408,2.105504
588600.043457,5.833298
588600.043506,2.070001
588600.043555,-6.995046
588600.043604,0.105513
588600.043652,7.075897
588600.043701,-1.503947
588600.043750,-6.273156
588600.043799,-3.361927
588600.043848,-5.527598
588600.043896,1.407283
588600.043945,-2.580865
588600.043994,-6.675521
588600.044043,-5.468426
588600.044092,3.809639
588600.044141,3.549285
588600.044189,-5.492095
588600.044238,0.200187
588600.044287,8.543345
588600.044336,4.957562
588600.044385,2.851063
588600.044434,3.206091
588600.044482,-1.421107
588600.044531,-0.876731
588600.044580,1.785979
588600.044629,5.312590
588600.044678,3.407274
588600.044727,-3.243584
588600.044775,-0.841228
588600.044824,3.608456
588600.044873,3.407274
588600.044922,-1.101582
588600.044971,-11.326387
588600.045020,-7.657765
588600.045068,-1.338267
588600.045117,9.182396
588600.045166,4.472357
588600.045215,-6.273156
588600.045264,2.247515
588600.045312,0.425039
588600.045361,-8.817523
588600.045410,-5.385586
588600.045459,3.572953
588600.045508,4.472357
588600.045557,-0.119338
588600.045605,4.448689
588600.045654,3.288931
588600.045703,8.282991
588600.045752,2.685383
588600.045801,-1.361936
588600.045850,1.407283
588600.045898,1.703139
588600.045947,-5.089730
588600.045996,-1.740632
588600.046045,3.312599
588600.046094,1.241603
588600.046143,0.105513
588600.046191,1.206100
588600.046240,1.407283
588600.046289,4.413186
588600.046338,2.567041
588600.046387,-3.764292
588600.046436,-4.711033
588600.046484,-7.030549
588600.046533,-3.586778
588600.046582,-1.941815
588600.046631,0.105513
588600.046680,-3.361927
588600.046729,-4.344171
588600.046777,2.330355
588600.046826,4.756380
588600.046875,7.040393
588600.046924,0.886575
588600.046973,-3.267253
588600.047021,-3.101573
588600.047070,2.649881
588600.047119,8.081809
588600.047168,1.466454
588600.047217,-5.645940
588600.047266,-0.580874
588600.047314,5.016734
588600.047363,3.371771
588600.047412,-1.705129
588600.047461,2.484201
588600.047510,1.324443
588600.047559,-6.332327
588600.047607,-5.752449
588600.047656,2.247515
588600.047705,4.957562
588600.047754,-2.000986
588600.047803,-2.000986
588600.047852,4.649871
588600.047900,2.910234
588600.047949,-4.142988
588600.047998,-7.196229
588600.048047,-3.622281
588600.048096,-0.900399
588600.048145,0.862906
588600.048193,-2.604534
588600.048242,-4.569022
588600.048291,1.146929
588600.048340,3.632125
588600.048389,-1.338267
588600.048438,0.519713
588600.048486,-0.699217
588600.048535,-0.498034
588600.048584,-1.799803
588600.048633,2.791892
588600.048682,1.703139
588600.048730,-5.551266
588600.048779,-3.787961
588600.048828,2.188344
588600.048877,3.632125
588600.048926,-3.267253
588600.048975,-6.249487
588600.049023,1.442785
588600.049072,8.058141
588600.049121,3.868810
588600.049170,-10.344144
588600.049219,-9.515745
588600.049268,5.430933
588600.049316,7.217907
588600.049365,5.395430
588600.049414,-3.006899
588600.049463,-7.515754
588600.049512,12.389482
588600.049561,17.478216
588600.049609,9.821446
588600.049658,-6.332327
588600.049707,-0.214012
588600.049756,-1.302764
588600.049805,-2.462522
588600.049854,-3.965475
588600.049902,8.484174
588600.049951,9.265236
588600.050000,-0.320520
588600.050049,0.484210
588600.050098,1.726808
588600.050146,-1.279096
588600.050195,-3.101573
588600.050244,3.750467
588600.050293,3.549285
588600.050342,-0.415194
588600.050391,-4.107486
588600.050439,-0.356023
588600.050488,0.022673
588600.050537,0.886575
588600.050586,-0.474366
588600.050635,-3.101573
588600.050684,-8.178473
588600.050732,-3.586778
588600.050781,2.330355
588600.050830,1.549294
588600.050879,-2.024655
588600.050928,-1.965483
588600.050977,0.827404
588600.051025,1.963493
588600.051074,5.075905
588600.051123,0.022673
588600.051172,1.809648
588600.051221,-1.681461
588600.051270,-6.628184
588600.051318,-2.545362
588600.051367,1.845150
588600.051416,-0.959571
588600.051465,0.661724
588600.051514,0.685392
588600.051562,-1.018742
588600.051611,1.182432
588600.051660,3.229759
588600.051709,-0.178509
588600.051758,-9.515745
588600.051807,-6.415168
588600.051855,0.602552
588600.051904,6.117321
588600.051953,2.886566
588600.052002,-3.444767
588600.052051,2.507869
588600.052100,10.862862
588600.052148,-1.196256
588600.052197,-8.438827
588600.052246,-1.858975
588600.052295,1.785979
588600.052344,1.466454
588600.052393,-5.870791
588600.052441,-7.716936
588600.052490,-4.107486
588600.052539,2.188344
588600.052588,-1.101582
588600.052637,-5.787951
588600.052686,3.809639
588600.052734,11.348066
588600.052783,1.963493
588600.052832,-4.249497
588600.052881,0.259359
588600.052930,0.685392
588600.052979,0.543381
588600.053027,2.910234
588600.053076,3.833307
588600.053125,1.501957
588600.053174,-1.622290
588600.053223,-2.438854
588600.053271,6.318503
588600.053320,4.235672
588600.053369,-0.379692
588600.053418,-13.326379
588600.053467,-8.474330
588600.053516,2.910234
588600.053564,5.217916
588600.053613,5.833298
588600.053662,-1.563118
588600.053711,2.590709
588600.053760,4.389517
588600.053809,-17.279024
588600.053857,-20.746464
588600.053906,0.744564
588600.053955,0.223856
588600.054004,8.661688
588600.054053,7.016725
588600.054102,7.821455
588600.054150,9.359909
588600.054199,1.750476
588600.054248,-1.563118
588600.054297,4.152833
588600.054346,1.868819
588600.054395,-5.645940
588600.054443,-2.746545
588600.054492,3.028577
588600.054541,0.460541
588600.054590,-1.503947
588600.054639,-1.042410
588600.054688,-2.580865
588600.054736,-1.823472
588600.054785,0.768232
588600.054834,1.407283
588600.054883,-1.421107
588600.054932,-5.172570
588600.054980,-0.983239
588600.055029,0.602552
588600.055078,-1.243593
588600.055127,-1.160753
588600.055176,-2.805716
588600.055225,2.425030
588600.055273,7.182405
588600.055322,7.241576
588600.055371,-0.498034
588600.055420,0.602552
588600.055469,0.862906
588600.055518,-2.142997
588600.055566,0.803735
588600.055615,1.667637
588600.055664,-3.125242
588600.055713,-1.823472
588600.055762,1.726808
588600.055811,-0.474366
588600.055859,-2.580865
588600.055908,5.691287
588600.055957,2.791892
588600.056006,-7.137058
588600.056055,-4.083817
588600.056104,4.531529
588600.056152,0.981249
588600.056201,-1.539450
588600.056250,-4.166657
588600.056299,1.987162
588600.056348,7.916129
588600.056396,-4.367839
588600.056445,-13.811584
588600.056494,-3.823463
588600.056543,3.608456
588600.056592,-1.243593
588600.056641,-6.829367
588600.056689,-6.912207
588600.056738,-0.616377
588600.056787,3.927981
588600.056836,1.324443
588600.056885,-0.119338
588600.056934,4.271175
588600.056982,9.667601
588600.057031,4.413186
588600.057080,1.064089
588600.057129,1.608465
588600.057178,2.105504
588600.057227,0.827404
588600.057275,-2.060157
588600.057324,0.223856
588600.057373,4.993065
588600.057422,-1.243593
588600.057471,-1.018742
588600.057520,4.874722
588600.057568,3.371771
588600.057617,-1.764301
588600.057666,-11.018697
588600.057715,-9.054209
588600.057764,3.253428
588600.057813,2.685383
588600.057861,4.294844
588600.057910,1.549294
588600.057959,1.466454
588600.058008,18.661644
588600.058057,7.277079
588600.058105,15.797750
588600.058154,23.430853
588600.058203,15.774082
588600.058252,-1.657792
588600.058301,-11.823427
588600.058350,-2.024655
588600.058398,13.572908
588600.058447,6.318503
588600.058496,-6.770195
588600.058545,-1.243593
588600.058594,1.667637
588600.058643,-3.243584
588600.058691,-5.551266
588600.058740,5.691287
588600.058789,1.726808
588600.058838,-3.705121
588600.058887,-5.432923
588600.058936,-1.799803
588600.058984,1.348111
588600.059033,4.815551
588600.059082,4.152833
588600.059131,-5.267244
588600.059180,-9.858938
588600.059229,-3.787961
588600.059277,4.093661
588600.059326,-0.722885
588600.059375,-3.361927
588600.059424,-0.699217
588600.059473,0.685392
588600.059521,4.093661
588600.059570,5.336259
588600.059619,-4.284999
588600.059668,-6.793863
588600.059717,-1.539450
588600.059766,3.608456
588600.059814,1.064089
588600.059863,-3.421098
588600.059912,0.484210
588600.059961,4.212004
588600.060010,5.537441
588600.060059,-0.758388
588600.060107,-2.379683
588600.060156,4.472357
588600.060205,3.170588
588600.060254,-2.178500
588600.060303,-0.580874
588600.060352,2.271184
588600.060400,2.969406
588600.060449,-0.261349
588600.060498,1.087757
588600.060547,3.608456
588600.060596,1.087757
588600.060645,-4.770205
588600.060693,-7.918119
588600.060742,-7.918119
588600.060791,1.927990
588600.060840,3.288931
588600.060889,-5.894460
588600.060937,-6.107476
588600.060986,1.466454
588600.061035,3.206091
588600.061084,-5.006890
588600.061133,0.519713
588600.061182,7.419090
588600.061230,-0.214012
588600.061279,-1.077913
588600.061328,2.330355
588600.061377,0.283027
588600.061426,-5.645940
588600.061475,1.549294
588600.061523,6.638029
588600.061572,4.531529
588600.061621,-3.208081
588600.061670,-0.214012
588600.061719,6.235663
588600.061768,5.774127
588600.061816,1.028586
588600.061865,-11.965438
588600.061914,-8.497998
588600.061963,1.087757
588600.062012,7.359919
588600.062061,1.845150
588600.062109,-2.900390
588600.062158,2.306687
588600.062207,25.998888
588600.062256,11.170552
588600.062305,12.827350
588600.062354,17.939754
588600.062402,11.785934
588600.062451,-0.498034
588600.062500,-9.137049
588600.062549,-2.841219
588600.062598,9.359909
588600.062646,4.531529
588600.062695,-5.208073
588600.062744,-0.296852
588600.062793,4.649871
588600.062842,1.525625
588600.062891,-7.634097
588600.062939,0.460541
588600.062988,5.253419
588600.063037,5.135077
588600.063086,-4.308668
588600.063135,-0.675548
588600.063184,4.448689
588600.063232,3.927981
588600.063281,-0.214012
588600.063330,-5.409255
588600.063379,-6.592681
588600.063428,0.306696
588600.063477,1.963493
588600.063525,-3.847132
588600.063574,-4.663696
588600.063623,-0.935902
588600.063672,2.567041
588600.063721,3.052246
588600.063770,3.407274
588600.063818,-2.521694
588600.063867,-0.983239
588600.063916,-3.066070
588600.063965,-2.320511
588600.064014,-2.403351
588600.064063,-3.385595
588600.064111,2.969406
588600.064160,1.407283
588600.064209,2.626212
588600.064258,0.720895
588600.064307,0.105513
588600.064355,6.259332
588600.064404,1.241603
588600.064453,-2.805716
588600.064502,-2.379683
588600.064551,0.827404
588600.064600,1.703139
588600.064648,-1.681461
588600.064697,-0.876731
588600.064746,7.762284
588600.064795,2.791892
588600.064844,-2.663705
588600.064893,-4.971387
588600.064941,-4.083817
588600.064990,-0.699217
588600.065039,-0.214012
588600.065088,-8.900363
588600.065137,-6.711024
588600.065186,-2.344180
588600.065234,3.691296
588600.065283,-3.882635
588600.065332,0.365867
588600.065381,7.075897
588600.065430,-0.261349
588600.065479,2.531538
588600.065527,2.567041
588600.065576,0.105513
588600.065625,-0.817559
588600.065674,-0.320520
588600.065723,7.336250
588600.065771,9.064054
588600.065820,-5.870791
588600.065869,-1.397438
588600.065918,5.856966
588600.065967,8.803699
588600.066016,-1.480278
588600.066064,-12.924013
588600.066113,-7.397411
588600.066162,3.667627
588600.066211,11.028542
588600.066260,0.460541
588600.066309,-8.296816
588600.066357,-3.645949
588600.066406,-17.657721
588600.066455,-7.492085
588600.066504,1.466454
588600.066553,3.430942
588600.066602,3.667627
588600.066650,-3.965475
588600.066699,3.951650
588600.066748,-0.722885
588600.066797,0.685392
588600.066846,5.655784
588600.066895,7.442759
588600.066943,2.425030
588600.066992,-0.178509
588600.067041,-3.361927
588600.067090,-2.640036
588600.067139,2.768223
588600.067187,1.466454
588600.067236,5.454601
588600.067285,-0.876731
588600.067334,2.709052
588600.067383,3.206091
588600.067432,4.010821
588600.067480,-2.320511
588600.067529,-5.752449
588600.067578,-2.285008
588600.067627,2.507869
588600.067676,1.608465
588600.067725,-3.563109
588600.067773,-4.888547
588600.067822,-0.178509
588600.067871,10.247480
588600.067920,6.093652
588600.067969,1.549294
588600.068018,0.223856
588600.068066,2.626212
588600.068115,-2.438854
588600.068164,-4.450679
588600.068213,-0.616377
588600.068262,2.851063
588600.068311,1.288940
588600.068359,-2.663705
588600.068408,0.981249
588600.068457,-0.356023
588600.068506,-0.521703
588600.068555,3.927981
588600.068604,1.987162
588600.068652,-9.279059
588600.068701,-6.770195
588600.068750,4.555197
588600.068799,2.507869
588600.068848,-4.687365
588600.068896,-1.302764
588600.068945,7.419090
588600.068994,6.034481
588600.069043,-4.912216
588600.069092,-7.811611
588600.069141,3.028577
588600.069189,6.519686
588600.069238,2.129173
588600.069287,-11.764256
588600.069336,-5.267244
588600.069385,2.732720
588600.069434,3.975318
588600.069482,-3.125242
588600.069531,0.519713
588600.069580,5.833298
588600.069629,3.430942
588600.069678,-2.060157
588600.069727,2.010830
588600.069775,-0.876731
588600.069824,-5.693277
588600.069873,-0.498034
588600.069922,3.750467
588600.069971,4.496026
588600.070020,-1.196256
588600.070068,-0.214012
588600.070117,1.963493
588600.070166,4.590700
588600.070215,0.827404
588600.070264,-8.273147
588600.070312,-10.699172
588600.070361,-3.787961
588600.070410,7.016725
588600.070459,5.975310
588600.070508,-1.799803
588600.070557,-13.066024
588600.070605,5.513772
588600.070654,19.525545
588600.070703,24.259253
588600.070752,12.306642
588600.070801,0.922078
588600.070850,-13.787916
588600.070898,-4.048315
588600.070947,-1.882643
588600.070996,4.069993
588600.071045,11.951614
588600.071094,0.401370
588600.071143,-5.551266
588600.071191,-1.338267
588600.071240,3.430942
588600.071289,-0.036498
588600.071338,4.649871
588600.071387,4.034490
588600.071436,-2.983230
588600.071484,-8.640009
588600.071533,1.703139
588600.071582,-0.616377
588600.071631,-1.705129
588600.071680,-0.675548
588600.071729,-2.521694
588600.071777,-2.947727
588600.071826,-2.580865
588600.071875,2.791892
588600.071924,0.460541
588600.071973,0.484210
588600.072021,-1.740632
588600.072070,3.691296
588600.072119,1.785979
588600.072168,1.643968
588600.072217,0.768232
588600.072266,1.785979
588600.072314,-0.356023
588600.072363,-3.882635
588600.072412,-2.924059
588600.072461,-2.403351
588600.072510,4.294844
588600.072559,-0.178509
588600.072607,-1.622290
588600.072656,-2.864887
588600.072705,5.111408
588600.072754,6.377675
588600.072803,2.685383
588600.072852,-6.071973
588600.072900,-6.308659
588600.072949,-1.338267
588600.072998,7.821455
588600.073047,6.093652
588600.073096,-3.385595
588600.073145,1.383614
588600.073193,9.300738
588600.073242,0.567050
588600.073291,-10.438818
588600.073340,-4.344171
588600.073389,-1.965483
588600.073438,5.916138
588600.073486,-2.521694
588600.073535,-11.042365
588600.073584,-8.213976
588600.073633,4.389517
588600.073682,1.525625
588600.073730,-10.083790
588600.073779,-2.663705
588600.073828,9.146894
588600.073877,5.916138
588600.073926,-2.521694
588600.073975,1.442785
588600.074023,-0.415194
588600.074072,0.484210
588600.074121,-0.060166
588600.074170,3.691296
588600.074219,1.407283
588600.074268,-5.030558
588600.074316,-5.208073
588600.074365,1.726808
588600.074414,4.874722
588600.074463,0.342199
588600.074512,-11.361891
588600.074561,-14.710988
588600.074609,1.963493
588600.074658,4.531529
588600.074707,10.626177
588600.074756,0.626221
588600.074805,8.140980
588600.074854,18.768152
588600.074902,10.685348
588600.074951,21.253347
588600.075000,28.602427
588600.075049,1.501957
588600.075098,-17.456537
588600.075146,-12.024610
588600.075195,2.685383
588600.075244,17.182360
588600.075293,7.939798
588600.075342,-4.628193
588600.075391,-2.521694
588600.075439,6.117321
588600.075488,0.200187
588600.075537,-4.912216
588600.075586,4.874722
588600.075635,5.312590
588600.075684,-0.959571
588600.075732,-4.308668
588600.075781,-1.302764
588600.075830,3.430942
588600.075879,3.868810
588600.075928,-0.415194
588600.075977,-3.989143
588600.076025,-9.456573
588600.076074,-3.989143
588600.076123,4.756380
588600.076172,0.922078
588600.076221,-5.728780
588600.076270,-1.196256
588600.076318,3.206091
588600.076367,5.939807
588600.076416,7.419090
588600.076465,-1.456610
588600.076514,-3.503938
588600.076562,0.223856
588600.076611,0.081845
588600.076660,0.981249
588600.076709,-2.119329
588600.076758,0.022673
588600.076807,5.833298
588600.076855,3.348102
588600.076904,-4.509851
588600.076953,-0.983239
588600.077002,6.697200
588600.077051,0.365867
588600.077100,-5.290912
588600.077148,-3.444767
588600.077197,2.768223
588600.077246,5.075905
588600.077295,-3.006899
588600.077344,-2.202168
588600.077393,2.070001
588600.077441,7.016725
588600.077490,-3.421098
588600.077539,-6.628184
588600.077588,-6.675521
588600.077637,1.845150
588600.077686,0.223856
588600.077734,-9.657757
588600.077783,-8.497998
588600.077832,3.774136
588600.077881,4.957562
588600.077930,-2.983230
588600.077979,1.442785
588600.078027,4.957562
588600.078076,2.709052
588600.078125,-0.320520
588600.078174,1.146929
588600.078223,0.567050
588600.078271,-1.918146
588600.078320,0.022673
588600.078369,2.105504
588600.078418,5.833298
588600.078467,2.425030
588600.078516,-4.344171
588600.078564,1.608465
588600.078613,8.282991
588600.078662,3.868810
588600.078711,-9.480242
588600.078760,-13.208036
588600.078809,3.028577
588600.078857,5.975310
588600.078906,0.602552
588600.078955,2.732720
588600.079004,1.750476
588600.079053,-6.995046
588600.079102,-6.793863
588600.079150,3.170588
588600.079199,9.845115
588600.079248,1.206100
588600.079297,-8.474330
588600.079346,-8.095633
588600.079395,-5.811620
588600.079443,4.957562
588600.079492,10.507833
588600.079541,3.892478
588600.079590,-1.243593
588600.079639,1.466454
588600.079688,1.785979
588600.079736,-2.486191
588600.079785,0.425039
588600.079834,6.413177
588600.079883,4.448689
588600.079932,-1.965483
588600.079980,-0.356023
588600.080029,0.519713
588600.080078,3.549285
588600.080127,0.886575
588600.080176,-1.622290
588600.080225,-3.906303
588600.080273,-1.764301
588600.080322,1.845150
588600.080371,-0.722885
588600.080420,-2.178500
588600.080469,-2.687374
588600.080518,2.732720
588600.080566,2.507869
588600.080615,1.785979
588600.080664,0.342199
588600.080713,0.141016
588600.080762,-4.545353
588600.080811,-4.687365
588600.080859,0.803735
588600.080908,1.146929
588600.080957,-7.574925
588600.081006,1.064089
588600.081055,1.241603
588600.081104,-2.320511
588600.081152,4.555197
588600.081201,4.188335
588600.081250,3.407274
588600.081299,-3.101573
588600.081348,-5.847123
588600.081396,-2.947727
588600.081445,8.377666
588600.081494,4.330346
588600.081543,-7.231731
588600.081592,-2.687374
588600.081641,10.649845
588600.081689,4.851054
588600.081738,-4.711033
588600.081787,-4.711033
588600.081836,-5.030558
588600.081885,1.667637
588600.081934,-2.119329
588600.081982,-10.178464
588600.082031,-8.557170
588600.082080,7.442759
588600.082129,2.306687
588600.082178,-8.699181
588600.082227,-1.705129
588600.082275,8.661688
588600.082324,2.993074
588600.082373,-0.758388
588600.082422,-1.279096
588600.082471,2.484201
588600.082520,1.809648
588600.082568,0.862906
588600.082617,5.111408
588600.082666,4.649871
588600.082715,0.200187
588600.082764,-3.066070
588600.082812,7.442759
588600.082861,6.294835
588600.082910,2.507869
588600.082959,-10.344144
588600.083008,-9.255391
588600.083057,3.892478
588600.083105,2.425030
588600.083154,1.348111
588600.083203,-0.959571
588600.083252,0.306696
588600.083301,15.513728
588600.083350,13.951606
588600.083398,-5.432923
588600.083447,-6.533510
588600.083496,0.945746
588600.083545,3.312599
588600.083594,-6.474339
588600.083643,-1.018742
588600.083691,10.685348
588600.083740,11.525580
588600.083789,-3.160744
588600.083838,-1.018742
588600.083887,0.886575
588600.083936,-2.640036
588600.083984,-1.196256
588600.084033,5.075905
588600.084082,5.714955
588600.084131,-2.119329
588600.084180,-5.172570
588600.084229,-0.935902
588600.084277,2.271184
588600.084326,0.401370
588600.084375,0.484210
588600.084424,-3.361927
588600.084473,-5.231741
588600.084521,-3.906303
588600.084570,0.567050
588600.084619,4.732711
588600.084668,2.010830
588600.084717,-2.604534
588600.084766,-1.101582
588600.084814,3.975318
588600.084863,9.880617
588600.084912,1.750476
588600.084961,-2.947727
588600.085010,-3.823463
588600.085059,-6.048305
588600.085107,-3.302755
588600.085156,-2.202168
588600.085205,-5.989134
588600.085254,1.466454
588600.085303,0.945746
588600.085352,-1.196256
588600.085400,1.868819
588600.085449,4.034490
588600.085498,1.868819
588600.085547,-5.148901
588600.085596,-5.752449
588600.085645,-2.722876
588600.085693,6.259332
588600.085742,4.531529
588600.085791,-5.492095
588600.085840,-0.154841
588600.085889,9.359909
588600.085938,-0.438863
588600.085986,-5.492095
588600.086035,-5.125233
588600.086084,-2.403351
588600.086133,2.969406
588600.086182,-1.681461
588600.086230,-11.563073
588600.086279,-8.876695
588600.086328,6.697200
588600.086377,3.288931
588600.086426,-12.083781
588600.086475,-5.929963
588600.086523,9.359909
588600.086572,4.389517
588600.086621,-5.811620
588600.086670,0.046342
588600.086719,2.567041
588600.086768,1.549294
588600.086816,2.070001
588600.086865,3.549285
588600.086914,2.626212
588600.086963,-1.042410
588600.087012,-0.935902
588600.087061,-0.036498
588600.087109,4.413186
588600.087158,0.827404
588600.087207,-10.083790
588600.087256,-12.545318
588600.087305,-1.421107
588600.087354,6.780039
588600.087402,10.803690
588600.087451,-2.178500
588600.087500,-4.509851
588600.087549,17.241531
588600.087598,6.436846
588600.087646,4.590700
588600.087695,11.407238
588600.087744,17.478216
588600.087793,6.720868
588600.087842,-4.450679
588600.087891,2.649881
588600.087939,11.608420
588600.087988,10.223811
588600.088037,-1.503947
588600.088086,0.803735
588600.088135,-1.456610
588600.088184,-3.361927
588600.088232,-4.569022
588600.088281,4.212004
588600.088330,2.129173
588600.088379,-0.060166
588600.088428,-7.030549
588600.088477,-0.261349
588600.088525,3.572953
588600.088574,2.993074
588600.088623,0.306696
588600.088672,-2.663705
588600.088721,-3.066070
588600.088770,-1.918146
588600.088818,-1.219924
588600.088867,-1.823472
588600.088916,-1.338267
588600.088965,-2.521694
588600.089014,3.052246
588600.089063,1.549294
588600.089111,4.389517
588600.089160,0.744564
588600.089209,-0.557206
588600.089258,-1.657792
588600.089307,-4.545353
588600.089355,3.087748
588600.089404,-1.137085
588600.089453,-2.687374
588600.089502,1.182432
588600.089551,4.649871
588600.089600,-1.302764
588600.089648,1.643968
588600.089697,4.910225
588600.089746,3.608456
588600.089795,-5.385586
588600.089844,-3.527607
588600.089893,3.892478
588600.089941,1.904322
588600.089990,-0.521703
588600.090039,-1.657792
588600.090088,1.785979
588600.090137,6.638029
588600.090186,-2.462522
588600.090234,-10.864852
588600.090283,-2.462522
588600.090332,3.028577
588600.090381,-2.024655
588600.090430,-7.894451
588600.090479,-8.237644
588600.090527,-0.214012
588600.090576,5.111408
588600.090625,5.537441
588600.090674,-0.060166
588600.090723,3.430942
588600.090771,8.543345
588600.090820,2.685383
588600.090869,-3.184413
588600.090918,-2.225837
588600.090967,3.111417
588600.091016,2.709052
588600.091064,0.164685
588600.091113,4.496026
588600.091162,5.856966
588600.091211,-2.900390
588600.091260,-0.060166
588600.091309,2.827395
588600.091357,1.726808
588600.091406,-5.645940
588600.091455,-10.296806
588600.091504,-9.835270
588600.091553,-0.178509
588600.091602,5.217916
588600.091650,5.052237
588600.091699,-5.787951
588600.091748,3.253428
588600.091797,-13.290876
588600.091846,-22.888466
588600.091895,-8.213976
588600.091943,7.359919
588600.091992,-0.178509
588600.092041,-11.586741
588600.092090,7.856958
588600.092139,11.951614
588600.092187,12.531493
588600.092236,1.348111
588600.092285,-0.214012
588600.092334,-1.740632
588600.092383,0.259359
588600.092432,-2.344180
588600.092480,0.484210
588600.092529,8.259323
588600.092578,5.975310
588600.092627,1.466454
588600.092676,-4.083817
588600.092725,-0.580874
588600.092773,4.010821
588600.092822,4.330346
588600.092871,-2.947727
588600.092920,-5.172570
588600.092969,-5.929963
588600.093018,0.602552
588600.093066,2.732720
588600.093115,0.720895
588600.093164,-2.722876
588600.093213,-2.687374
588600.093262,-0.616377
588600.093311,1.501957
588600.093359,3.868810
588600.093408,-0.616377
588600.093457,-5.125233
588600.093506,-3.421098
588600.093555,1.146929
588600.093604,-2.746545
588600.093652,-1.137085
588600.093701,4.851054
588600.093750,5.170579
588600.093799,0.661724
588600.093848,1.348111
588600.093896,1.549294
588600.093945,6.176492
588600.093994,0.425039
588600.094043,-5.066061
588600.094092,-1.965483
588600.094141,5.253419
588600.094189,4.815551
588600.094238,-5.894460
588600.094287,-2.687374
588600.094336,6.697200
588600.094385,5.111408
588600.094434,-2.947727
588600.094482,-5.610437
588600.094531,-7.172560
588600.094580,-1.338267
588600.094629,0.283027
588600.094678,-5.551266
588600.094727,-7.137058
588600.094775,2.732720
588600.094824,5.714955
588600.094873,-5.787951
588600.094922,-2.521694
588600.094971,4.933894
588600.095020,4.034490
588600.095068,1.868819
588600.095117,3.549285
588600.095166,0.046342
588600.095215,-3.243584
588600.095264,0.283027
588600.095313,5.513772
588600.095361,5.856966
588600.095410,-3.006899
588600.095459,-3.066070
588600.095508,5.513772
588600.095557,8.058141
588600.095605,0.223856
588600.095654,-12.000941
588600.095703,-12.367804
588600.095752,3.667627
588600.095801,7.963466
588600.095850,4.389517
588600.095898,-6.391499
588600.095947,-3.385595
588600.095996,4.673540
588600.096045,-4.024646
588600.096094,-2.202168
588600.096143,0.365867
588600.096191,6.058149
588600.096240,5.572944
588600.096289,6.413177
588600.096338,-0.900399
588600.096387,7.596604
588600.096436,5.916138
588600.096484,-1.503947
588600.096533,-1.882643
588600.096582,-0.095669
588600.096631,-3.421098
588600.096680,-3.823463
588600.096729,0.862906
588600.096777,3.371771
588600.096826,1.845150
588600.096875,-1.361936
588600.096924,-0.379692
588600.096973,-0.356023
588600.097021,2.910234
588600.097070,-0.296852
588600.097119,-1.101582
588600.097168,-6.213985
588600.097217,-3.468435
588600.097266,-0.782057
588600.097314,-1.858975
588600.097363,-4.829376
588600.097412,-2.521694
588600.097461,2.993074
588600.097510,5.135077
588600.097559,7.099565
588600.097607,-3.586778
588600.097656,-3.184413
588600.097705,-5.350083
588600.097754,-4.947719
588600.097803,0.827404
588600.097852,1.028586
588600.097900,-0.119338
588600.097949,4.993065
588600.097998,-0.178509
588600.098047,-2.178500
588600.098096,3.111417
588600.098145,4.815551
588600.098193,3.951650
588600.098242,-8.675512
588600.098291,-6.415168
588600.098340,-3.385595
588600.098389,5.975310
588600.098437,1.064089
588600.098486,-5.468426
588600.098535,1.407283
588600.098584,11.490078
588600.098633,-0.296852
588600.098682,-8.154804
588600.098730,-1.598621
588600.098779,0.223856
588600.098828,2.164676
588600.098877,-5.586769
588600.098926,-8.853026
588600.098975,-5.267244
588600.099023,5.998978
588600.099072,2.105504
588600.099121,-6.935875
588600.099170,1.383614
588600.099219,12.827350
588600.099268,2.791892
588600.099316,-4.403342
588600.099365,0.567050
588600.099414,0.164685
588600.099463,2.188344
588600.099512,1.809648
588600.099561,7.040393
588600.099609,4.933894
588600.099658,-2.462522
588600.099707,-3.989143
588600.099756,1.584797
588600.099805,5.774127
588600.099854,1.785979
588600.099902,-10.758343
588600.099951,-12.568986
