DATE_TIME,BPOS,DBTM,FLWI,HDTH,HKLD,ROP,RPM,SPPA,WOB
1247008660,-0.430256,-0.110443,0.379416,-1.291774,-0.189601,-0.005415,2.486160,0.687095,2.753314
1247008663,-0.433149,-0.110414,0.379416,-1.291741,-0.187280,-0.005415,2.486160,0.687095,2.733308
1247008666,-0.435836,-0.110383,0.379416,-1.291705,-0.188698,-0.005415,2.501484,0.692771,2.744890
1247008669,-0.438730,-0.110354,0.379416,-1.291672,-0.191792,-0.005415,2.501484,0.692125,2.770161
1247008672,-0.441624,-0.110322,0.379416,-1.291636,-0.192437,-0.005153,2.501484,0.692125,2.775426
1247008675,-0.444311,-0.110293,0.379416,-1.291603,-0.186894,-0.005153,2.486160,0.695855,2.731202
1247008678,-0.446998,-0.110264,0.379416,-1.291570,-0.186120,-0.005153,2.501484,0.697223,2.724884
1247008681,-0.449892,-0.110232,0.379416,-1.291534,-0.186249,-0.005326,2.501484,0.697223,2.724884
1247008684,-0.452785,-0.110201,0.379416,-1.291498,-0.187538,-0.005326,2.486160,0.692694,2.735414
1247008687,-0.455472,-0.110171,0.379416,-1.291465,-0.188570,-0.005326,2.501484,0.694181,2.743837
1247008690,-0.458159,-0.110142,0.379416,-1.291432,-0.186378,-0.005326,2.501484,0.694181,2.725937
1247008693,-0.461053,-0.110111,0.379416,-1.291396,-0.187152,-0.005593,2.486160,0.695931,2.732255
1247008696,-0.463740,-0.110081,0.379416,-1.291363,-0.188183,-0.005593,2.501484,0.693416,2.740679
1247008699,-0.466634,-0.110050,0.379416,-1.291327,-0.185218,-0.005593,2.501484,0.693416,2.716461
1247008702,-0.469528,-0.110018,0.379416,-1.291292,-0.188312,-0.005593,2.486160,0.692159,2.742784
1247008705,-0.472215,-0.109987,0.379416,-1.291256,-0.188441,-0.005072,2.501484,0.698744,2.742784
1247008708,-0.475108,-0.109958,0.379416,-1.291223,-0.190374,-0.005072,2.501484,0.698744,2.758579
1247008711,-0.477795,-0.109929,0.379416,-1.291190,-0.189214,-0.005072,2.486160,0.693909,2.749102
1247008714,-0.480689,-0.109897,0.379416,-1.291154,-0.185347,-0.005072,2.501484,0.692660,2.717514
1247008717,-0.483583,-0.109868,0.379416,-1.291121,-0.189214,-0.005221,2.501484,0.692660,2.749102
1247008720,-0.486270,-0.109836,0.379416,-1.291085,-0.189730,-0.005221,2.501484,0.692957,2.754367
1247008723,-0.488957,-0.109807,0.379416,-1.291052,-0.191921,-0.005221,2.501484,0.692957,2.771214
1247008732,-0.497431,-0.109715,0.379416,-1.290947,-0.191792,-0.006074,2.486160,0.697758,2.770161
1247008735,-0.500119,-0.109683,0.379416,-1.290911,-0.193468,-0.006074,2.501484,0.699585,2.783850
1247008738,-0.503012,-0.109654,0.379416,-1.290878,-0.188956,-0.005480,2.486160,0.692507,2.746996
1247008741,-0.505906,-0.109623,0.379416,-1.290842,-0.191663,-0.005480,2.486160,0.692507,2.769108
1247008744,-0.508593,-0.109593,0.379416,-1.290809,-0.189859,-0.005480,2.486160,0.694674,2.755420
1247008747,-0.511280,-0.109564,0.379416,-1.290776,-0.187925,-0.005480,2.501484,0.696535,2.738573
1247008750,-0.513967,-0.109535,0.379416,-1.290743,-0.189730,-0.005282,2.501484,0.695167,2.753314
1247008753,-0.516861,-0.109504,0.379416,-1.290707,-0.186765,-0.005282,2.501484,0.695167,2.729096
1247008756,-0.519548,-0.109474,0.379416,-1.290674,-0.189472,-0.005282,2.486160,0.694903,2.752261
1247008759,-0.522442,-0.109443,0.379416,-1.290638,-0.190632,-0.006054,2.486160,0.691479,2.760685
1247008762,-0.525129,-0.109414,0.379416,-1.290605,-0.194628,-0.006054,2.486160,0.691479,2.793326
1247008765,-0.528022,-0.109384,0.379416,-1.290572,-0.192308,-0.006054,2.486160,0.698140,2.775426
1247008768,-0.530709,-0.109351,0.379416,-1.290534,-0.192566,-0.006054,2.486160,0.690103,2.776479
1247008771,-0.533603,-0.109321,0.379416,-1.290500,-0.195015,-0.005500,2.486160,0.690103,2.796485
1247008774,-0.536497,-0.109290,0.379416,-1.290465,-0.191792,-0.005500,2.486160,0.694257,2.770161
1247008777,-0.539184,-0.109261,0.379416,-1.290431,-0.191663,-0.005500,2.501484,0.696348,2.769108
1247008780,-0.542078,-0.109229,0.379416,-1.290396,-0.190245,-0.005500,2.501484,0.696348,2.757526
1247008783,-0.544765,-0.109200,0.379416,-1.290363,-0.193339,-0.004708,2.501484,0.700690,2.782797
1247008786,-0.547658,-0.109168,0.379416,-1.290327,-0.191921,-0.004708,2.501484,0.700078,2.771214
1247008789,-0.550552,-0.109137,0.379416,-1.290291,-0.191921,-0.004708,2.501484,0.700078,2.771214
1247008792,-0.553446,-0.109105,0.379416,-1.290255,-0.189343,-0.005149,2.501484,0.700800,2.750155
1247008795,-0.556133,-0.109074,0.379416,-1.290220,-0.190632,-0.005149,2.501484,0.698217,2.760685
1247008798,-0.559027,-0.109045,0.379416,-1.290186,-0.194113,-0.005149,2.501484,0.698217,2.789114
1247008801,-0.561920,-0.109013,0.379416,-1.290151,-0.190374,-0.005149,2.501484,0.705754,2.758579
1247008804,-0.564814,-0.108984,0.379416,-1.290117,-0.189988,-0.004744,2.501484,0.705754,2.755420
1247008807,-0.567501,-0.108953,0.379416,-1.290082,-0.188698,-0.004744,2.486160,0.706510,2.745943
1247008810,-0.570395,-0.108923,0.379416,-1.290049,-0.193339,-0.004744,2.501484,0.702550,2.782797
1247008813,-0.573082,-0.108892,0.379416,-1.290013,-0.185218,-0.004744,2.501484,0.702550,2.716461
1247008816,-0.575769,-0.108863,0.379416,-1.289980,-0.188827,-0.004676,2.486160,0.697835,2.746996
1247008819,-0.578663,-0.108831,0.379416,-1.289944,-0.188956,-0.004676,2.501484,0.700307,2.746996
1247008822,-0.581350,-0.108802,0.379416,-1.289911,-0.189730,-0.004676,2.501484,0.700307,2.754367
1247008825,-0.584243,-0.108770,0.379416,-1.289875,-0.192824,-0.005609,2.501484,0.699466,2.778585
1247008828,-0.587137,-0.108739,0.379416,-1.289839,-0.195015,-0.005609,2.486160,0.700273,2.796485
1247008831,-0.589824,-0.108710,0.379416,-1.289806,-0.183671,-0.005609,2.501484,0.694410,2.703825
1247008834,-0.592718,-0.108676,0.379416,-1.289768,-0.194886,-0.005609,2.501484,0.700919,2.795432
1247008837,-0.595818,-0.108644,0.379416,-1.289732,-0.185862,-0.004809,2.486160,0.703621,2.721725
1247008840,-0.598712,-0.108611,0.379416,-1.289694,-0.196820,-0.004809,2.501484,0.690527,2.811227
1247008843,-0.601606,-0.108581,0.379416,-1.289661,-0.179804,-0.004809,2.501484,0.690527,2.672236
1247008849,-0.607393,-0.108519,0.379416,-1.289589,-0.186507,-0.002598,2.501484,0.701225,2.726990
1247008852,-0.610287,-0.108485,0.379416,-1.289551,-0.198109,-0.002598,2.501484,0.701225,2.821756
1247008855,-0.613181,-0.108456,0.379416,-1.289518,-0.181222,-0.002598,2.486160,0.704114,2.683819
1247008858,-0.616075,-0.108422,0.379416,-1.289479,-0.197078,-0.002763,2.501484,0.690451,2.813332
1247008861,-0.619175,-0.108393,0.379416,-1.289446,-0.182769,-0.002763,2.501484,0.690451,2.696454
1247008864,-0.622069,-0.108359,0.379416,-1.289408,-0.194628,-0.002763,2.486160,0.697682,2.794379
1247008867,-0.625169,-0.108325,0.379416,-1.289369,-0.182897,-0.002763,2.501484,0.698514,2.697507
1247008870,-0.628063,-0.108294,0.379416,-1.289334,-0.194242,-0.002614,2.501484,0.698514,2.790167
1247008873,-0.630957,-0.108262,0.379416,-1.289298,-0.180835,-0.002614,2.501484,0.692771,2.680660
1247008876,-0.633850,-0.108231,0.379416,-1.289262,-0.192953,-0.002614,2.501484,0.696730,2.779638
1247008879,-0.636744,-0.108199,0.379416,-1.289227,-0.183155,-0.001401,2.501484,0.696730,2.699613
1247008882,-0.639638,-0.108168,0.379416,-1.289191,-0.187152,-0.001401,2.501484,0.700571,2.732255
1247008885,-0.642532,-0.108134,0.379416,-1.289153,-0.192953,-0.001401,2.486160,0.701412,2.779638
1247008888,-0.645425,-0.108105,0.379416,-1.289119,-0.184058,-0.001401,2.486160,0.701412,2.706984
1247008891,-0.648319,-0.108073,0.379416,-1.289084,-0.190245,-0.002602,2.501484,0.698438,2.757526
1247008894,-0.651213,-0.108042,0.379416,-1.289048,-0.182640,-0.002602,2.501484,0.698438,2.695401
1247008897,-0.654106,-0.108008,0.379416,-1.289010,-0.190245,-0.002602,2.486160,0.705031,2.758579
1247008900,-0.657000,-0.107979,0.379416,-1.288976,-0.181093,-0.003333,2.486160,0.698064,2.682766
1247008903,-0.659894,-0.107947,0.379416,-1.288941,-0.190374,-0.003333,2.486160,0.698064,2.758579
1247008906,-0.662994,-0.107914,0.379416,-1.288902,-0.182897,-0.003333,2.486160,0.708379,2.697507
1247008909,-0.665681,-0.107882,0.379416,-1.288867,-0.198625,-0.003333,2.486160,0.701301,2.825968
1247008912,-0.668575,-0.107853,0.379416,-1.288833,-0.179159,-0.003026,2.486160,0.701301,2.666972
1247008915,-0.671676,-0.107819,0.379416,-1.288795,-0.192050,-0.003026,2.501484,0.706093,2.772267
1247008918,-0.674363,-0.107790,0.379416,-1.288762,-0.178901,-0.003026,2.486160,0.707920,2.664866
1247008921,-0.677256,-0.107756,0.379416,-1.288724,-0.193597,-0.002541,2.486160,0.702244,2.784903
1247008924,-0.680150,-0.107727,0.379416,-1.288690,-0.177999,-0.002541,2.486160,0.702244,2.657495
1247008927,-0.683044,-0.107693,0.379416,-1.288652,-0.193726,-0.002541,2.486160,0.699279,2.785956
1247008930,-0.685938,-0.107664,0.379416,-1.288619,-0.187409,-0.002541,2.486160,0.698098,2.734361
1247008933,-0.688831,-0.107633,0.379416,-1.288583,-0.188183,-0.003095,2.486160,0.698098,2.740679
1247008936,-0.691725,-0.107601,0.379416,-1.288548,-0.189472,-0.003095,2.501484,0.702780,2.751208
1247008939,-0.694619,-0.107570,0.379416,-1.288512,-0.194242,-0.003095,2.486160,0.702244,2.791220
1247008942,-0.697513,-0.107538,0.379416,-1.288476,-0.188054,-0.003095,2.486160,0.702244,2.739626
1247008945,-0.700406,-0.107507,0.379416,-1.288440,-0.193081,-0.003936,2.486160,0.697452,2.780691
1247008948,-0.703093,-0.107477,0.379416,-1.288407,-0.188183,-0.003936,2.486160,0.700919,2.740679
1247008951,-0.705987,-0.107444,0.379416,-1.288369,-0.191663,-0.003936,2.486160,0.700919,2.769108
1247008954,-0.708881,-0.107414,0.379416,-1.288336,-0.191406,-0.003495,2.501484,0.702822,2.768055
1247008957,-0.711568,-0.107383,0.379416,-1.288300,-0.184315,-0.003495,2.501484,0.703578,2.710143
1247008960,-0.714668,-0.107354,0.379416,-1.288267,-0.187667,-0.003495,2.501484,0.703578,2.736467
1247008963,-0.717562,-0.107320,0.379416,-1.288228,-0.181995,-0.003495,2.501484,0.699585,2.691190
1247008966,-0.720249,-0.107291,0.379416,-1.288195,-0.190503,-0.003374,2.486160,0.703052,2.759632
1242885888,1.332566,1.694224,0.522742,0.756832,1.087516,-0.067412,1.582037,1.732821,1.115653
1242885891,1.332214,1.694228,0.522742,0.756837,1.108116,-0.067412,1.658658,1.721820,0.947391
1242885894,1.331884,1.694232,0.522742,0.756841,1.079265,-0.067412,1.658658,1.721820,1.183042
1242885897,1.331512,1.694236,0.522742,0.756846,1.097429,-0.067412,1.643334,1.708688,1.034681
1242885900,1.331243,1.694239,0.522742,0.756849,1.073400,-0.067412,1.628009,1.711429,1.230952
1242885903,1.330850,1.694243,0.522742,0.756854,1.090648,-0.067412,1.628009,1.711429,1.090066
1242885906,1.330581,1.694246,0.522742,0.756857,1.078363,-0.067412,1.658658,1.706100,1.190518
1242885909,1.330230,1.694250,0.522742,0.756862,1.082759,-0.067412,1.689306,1.719918,1.154612
1242885912,1.329899,1.694254,0.522742,0.756865,1.099646,-0.067412,1.689306,1.719918,1.016570
1242885915,1.329589,1.694257,0.522742,0.756869,1.072498,-0.067412,1.673982,1.722735,1.238322
1242885918,1.329238,1.694261,0.522742,0.756874,1.098370,-0.067412,1.658658,1.712990,1.026994
1242885921,1.329011,1.694263,0.522742,0.756876,1.073091,-0.067412,1.658658,1.732213,1.233479
1242885924,1.328639,1.694267,0.522742,0.756881,1.082798,-0.067412,1.658658,1.732213,1.154191
1242885927,1.328370,1.694271,0.522742,0.756885,1.066748,-0.067412,1.628009,1.706213,1.285389
1242885930,1.327998,1.694274,0.522742,0.756889,1.070255,-0.067412,1.643334,1.697687,1.256644
1242885933,1.327688,1.694278,0.522742,0.756893,1.100407,-0.067412,1.643334,1.697687,1.010357
1242885942,1.326882,1.694286,0.522742,0.756903,1.075708,-0.067412,1.643334,1.697725,1.212104
1242885945,1.326572,1.694290,0.522742,0.756907,1.086742,-0.067412,1.597361,1.714093,1.121971
1242885948,1.326324,1.694293,0.522742,0.756910,1.071157,-0.067412,1.643334,1.718889,1.249273
1242885951,1.326013,1.694296,0.522742,0.756913,1.077744,-0.067412,1.643334,1.718889,1.195467
1242885954,1.325662,1.694300,0.522742,0.756918,1.098228,-0.067412,1.643334,1.712761,1.028258
1242885957,1.325187,1.694305,0.522742,0.756924,1.076352,-0.061924,1.643334,1.712761,1.206839
1242885960,1.324732,1.694310,0.522742,0.756929,1.094490,-0.061924,1.643334,1.717329,1.058688
1242885963,1.324298,1.694315,0.522742,0.756935,1.071260,-0.061924,1.673982,1.688476,1.248431
1242885966,1.323781,1.694320,0.522742,0.756941,1.079059,-0.061924,1.673982,1.688476,1.184832
1242885969,1.323657,1.694322,0.522742,0.756943,1.063100,-0.061924,1.658658,1.706899,1.315188
1242885972,1.323430,1.694324,0.522742,0.756945,1.063603,-0.061924,1.673982,1.687409,1.311081
1242885975,1.323409,1.694324,0.522742,0.756946,1.082295,-0.061924,1.673982,1.687409,1.158403
1242885978,1.323409,1.694324,0.522742,0.756946,1.063048,-0.061924,1.673982,1.718927,1.315609
1242885981,1.323306,1.694325,0.522742,0.756947,1.089553,-0.061924,1.643334,1.710325,1.099016
1242885984,1.323306,1.694325,0.522742,0.756947,1.068488,-0.061924,1.643334,1.710325,1.271069
1242885987,1.323244,1.694326,0.522742,0.756948,1.089759,-0.061924,1.628009,1.712646,1.097437
1242885990,1.323202,1.694327,0.522742,0.756948,1.074083,-0.061924,1.658658,1.719498,1.225476
1242885993,1.323120,1.694327,0.522742,0.756949,1.082179,-0.061924,1.658658,1.719498,1.159245
1242885996,1.322892,1.694330,0.522742,0.756952,1.108142,-0.061924,1.643334,1.694414,0.947285
1242885999,1.322748,1.694331,0.522742,0.756954,1.077087,-0.061924,1.658658,1.707242,1.200942
1242886002,1.322686,1.694332,0.522742,0.756955,1.103256,-0.061924,1.673982,1.696621,0.987087
1242886005,1.322665,1.694332,0.522742,0.756955,1.080684,-0.061924,1.673982,1.696621,1.171565
1242886008,1.322438,1.694334,0.522742,0.756957,1.096746,-0.061924,1.628009,1.712875,1.040367
1242886011,1.322417,1.694335,0.522742,0.756958,1.077719,-0.061924,1.658658,1.719536,1.195783
1242886014,1.322272,1.694337,0.522742,0.756960,1.084628,-0.061924,1.658658,1.719536,1.139239
1242886017,1.322107,1.694338,0.522742,0.756962,1.106659,-0.061924,1.643334,1.709983,0.959289
1242886020,1.322045,1.694339,0.522742,0.756962,1.080451,-0.061924,1.658658,1.715311,1.173355
1242886023,1.321921,1.694340,0.522742,0.756964,1.109057,-0.061924,1.658658,1.715311,0.939810
1242886026,1.321900,1.694341,0.522742,0.756964,1.086974,-0.061924,1.658658,1.713294,1.120075
1242886029,1.321859,1.694341,0.522742,0.756965,1.092157,-0.061924,1.673982,1.681890,1.077747
1242886032,1.321818,1.694341,0.522742,0.756965,1.086897,-0.061924,1.673982,1.681890,1.120812
1242886035,1.321797,1.694341,0.522742,0.756965,1.093059,-0.061924,1.704630,1.704196,1.070481
1242886038,1.321714,1.694343,0.522742,0.756967,1.113569,-0.061924,1.704630,1.704196,0.902851
1242886041,1.321694,1.694343,0.522742,0.756967,1.094322,-0.061924,1.658658,1.719765,1.060057
1242886044,1.321632,1.694343,0.522742,0.756968,1.106453,-0.061924,1.673982,1.707242,0.960974
1242886047,1.321611,1.694344,0.522742,0.756968,1.096166,-0.061924,1.673982,1.707242,1.045105
1242886050,1.321611,1.694344,0.522742,0.756968,1.105344,-0.061924,1.628009,1.726693,0.970029
1242886053,1.321611,1.694344,0.522742,0.756968,1.095354,-0.061924,1.643334,1.709982,1.051633
1242886062,1.337092,1.694168,0.522742,0.756968,1.123547,-0.061924,1.673982,1.708689,0.821457
1242886065,1.346394,1.694066,0.522742,0.756968,1.201100,-0.061924,1.673982,1.708689,0.187894
1242886068,1.356232,1.693959,0.522742,0.756968,1.161266,-0.061924,1.658658,1.703549,0.513363
1242886071,1.366050,1.693852,0.522742,0.756968,1.195376,-0.061924,1.658658,1.689884,0.234646
1242886074,1.374401,1.693770,0.522742,0.756968,1.175962,-0.061924,1.658658,1.689884,0.393326
1242886077,1.373677,1.693779,0.522742,0.756968,1.211761,-0.061924,1.658658,1.713636,0.100815
1242886080,1.371755,1.693800,0.522742,0.756968,1.225374,-0.061924,1.673982,1.725742,-0.010272
1242886083,1.369481,1.693824,0.522742,0.756968,1.221288,-0.061924,1.673982,1.726769,0.023107
1242886086,1.367167,1.693850,0.522742,0.756968,1.230853,-0.061924,1.673982,1.726769,-0.055128
1242886089,1.364748,1.693876,0.522742,0.756968,1.230092,-0.061924,1.658658,1.727530,-0.048810
1242886092,1.362330,1.693903,0.522742,0.756968,1.230737,-0.061924,1.658658,1.720869,-0.054180
1242886095,1.359911,1.693929,0.522742,0.756968,1.226431,-0.061924,1.658658,1.720869,-0.018906
1242886098,1.357493,1.693955,0.522742,0.756968,1.228365,-0.061924,1.658658,1.731223,-0.034806
1242886101,1.355054,1.693982,0.522742,0.756968,1.230724,-0.061924,1.658658,1.732707,-0.053969
1242886104,1.352574,1.694009,0.522742,0.756968,1.227733,-0.061924,1.658658,1.732707,-0.029541
1242886107,1.350155,1.694035,0.522742,0.756968,1.225078,-0.061924,1.673982,1.738988,-0.007955
1242886110,1.347737,1.694062,0.522742,0.756968,1.230337,-0.061924,1.658658,1.748161,-0.050916
1242886113,1.345257,1.694088,0.522742,0.756968,1.234321,-0.061924,1.658658,1.748161,-0.083347
1242886116,1.342797,1.694115,0.522742,0.756968,1.228017,-0.061924,1.658658,1.749151,-0.031857
1242886119,1.340358,1.694142,0.522742,0.756968,1.229345,-0.061924,1.673982,1.742947,-0.042808
1242886122,1.337898,1.694168,0.522742,0.756968,1.231523,-0.061924,1.673982,1.742947,-0.060603
1242886125,1.335418,1.694196,0.522742,0.756968,1.236125,-0.061924,1.673982,1.735143,-0.098194
1242886128,1.332958,1.694222,0.522742,0.756968,1.219792,-0.061924,1.673982,1.735143,0.035216
1242886131,1.330519,1.694249,0.522742,0.756968,1.190826,-0.061924,1.658658,1.731108,0.271920
1242886134,1.328060,1.694275,0.522742,0.756968,1.171721,-0.061924,1.658658,1.738836,0.427968
1242886137,1.325621,1.694302,0.522742,0.756968,1.153789,-0.061924,1.658658,1.738836,0.574329
1242886140,1.323471,1.694325,0.522742,0.756968,1.132287,-0.061924,1.658658,1.740549,0.750067
1242886143,1.321508,1.694346,0.522742,0.756971,1.117836,-0.061924,1.658658,1.741386,0.868103
1242886146,1.321239,1.694348,0.522742,0.756972,1.108773,-0.061924,1.658658,1.741386,0.942021
1242886149,1.321239,1.694348,0.522742,0.756972,1.105834,-0.061924,1.658658,1.742376,0.966028
1242886152,1.321239,1.694348,0.522742,0.756972,1.107214,-0.061924,1.673982,1.738455,0.954761
1242886155,1.321094,1.694350,0.522742,0.756975,1.107768,-0.061924,1.673982,1.738455,0.950339
1242886158,1.319895,1.694363,0.522742,0.756990,1.120698,-0.061924,1.658658,1.721364,0.844622
1242886161,1.319792,1.694363,0.522742,0.756990,1.104958,-0.061924,1.673982,1.728862,0.973188
1242886164,1.319503,1.694367,0.522742,0.756994,1.109457,-0.061924,1.673982,1.728862,0.936440
1242886167,1.319027,1.694372,0.522742,0.757000,1.112551,-0.061924,1.658658,1.713217,0.911274
1242886170,1.318614,1.694377,0.522742,0.757005,1.110449,-0.061924,1.673982,1.728291,0.928332
1242886173,1.318097,1.694382,0.522742,0.757012,1.111751,-0.061924,1.658658,1.739711,0.917803
1242886176,1.317601,1.694388,0.522742,0.757018,1.105422,-0.061924,1.658658,1.739711,0.969503
1242886179,1.317126,1.694393,0.522742,0.757023,1.112860,-0.061924,1.658658,1.739521,0.908747
1242886182,1.316671,1.694398,0.522742,0.757029,1.106273,-0.061924,1.673982,1.734991,0.962553
1242886185,1.316278,1.694402,0.522742,0.757034,1.098809,-0.061924,1.673982,1.734991,1.023519
1242886188,1.315803,1.694407,0.522742,0.757040,1.109611,-0.061924,1.658658,1.728178,0.935177
1242886191,1.315451,1.694411,0.522742,0.757044,1.101606,-0.061924,1.643334,1.716149,1.000670
1242886194,1.315203,1.694413,0.522742,0.757047,1.105963,-0.061924,1.643334,1.716149,0.964975
1242886197,1.314976,1.694416,0.522742,0.757050,1.114368,-0.061924,1.658658,1.715426,0.896428
1190201539,-1.155024,-0.774962,-0.199987,-2.039994,0.112519,-0.058240,-0.471395,-0.566278,0.013862
1190201549,-1.155024,-0.774962,-0.199987,-2.039994,0.113389,-0.058240,-0.471395,-0.566155,0.006761
1190201553,-1.155024,-0.774962,-0.199987,-2.039994,0.112519,-0.058240,-0.471395,-0.565046,0.013862
1190201558,-1.155024,-0.774962,-0.199987,-2.039994,0.112809,-0.058240,-0.471395,-0.566648,0.011495
1190201562,-1.155024,-0.774962,-0.199987,-2.039994,0.112809,-0.058240,-0.471395,-0.567880,0.013862
1190201567,-1.155024,-0.774962,-0.199987,-2.039994,0.113679,-0.058240,-0.471395,-0.564923,0.004394
1190201575,-1.155024,-0.774962,-0.199987,-2.039994,0.113389,-0.058240,-0.471395,-0.565292,0.009128
1190201579,-1.155024,-0.774962,-0.199987,-2.039994,0.113389,-0.058240,-0.471395,-0.567018,0.006761
1190201584,-1.155024,-0.774962,-0.199987,-2.039994,0.112809,-0.058240,-0.471395,-0.567387,0.011495
1190201589,-1.155024,-0.774962,-0.199987,-2.039994,0.112809,-0.058240,-0.471395,-0.567387,0.013862
1190201593,-1.155024,-0.774962,-0.199987,-2.039994,0.113679,-0.058240,-0.471395,-0.565662,0.006761
1190201598,-1.155024,-0.774962,-0.199987,-2.039994,0.113099,-0.058240,-0.471395,-0.568003,0.009128
1190201603,-1.155024,-0.774962,-0.199987,-2.039994,0.113099,-0.058240,-0.471395,-0.568250,0.009128
1190201607,-1.155024,-0.774962,-0.199987,-2.039994,0.113099,-0.058240,-0.471395,-0.566401,0.009128
1190201612,-1.155024,-0.774962,-0.199987,-2.039994,0.113389,-0.058240,-0.471395,-0.566525,0.006761
1190201616,-1.155024,-0.774962,-0.199987,-2.039994,0.113679,-0.058240,-0.471395,-0.566155,0.004394
1190201621,-1.155024,-0.774962,-0.199987,-2.039994,0.113099,-0.058240,-0.471395,-0.566771,0.011495
1190201624,-1.155024,-0.774962,-0.199987,-2.039994,0.112809,-0.058240,-0.471395,-0.565539,0.011495
1190201629,-1.155024,-0.774962,-0.199987,-2.039994,0.113679,-0.058240,-0.471395,-0.564306,0.006761
1190201633,-1.155024,-0.774962,-0.199987,-2.039994,0.113389,-0.058240,-0.471395,-0.563197,0.006761
1190201638,-1.155024,-0.774962,-0.199987,-2.039994,0.113099,-0.058240,-0.471395,-0.564306,0.009128
1190201643,-1.155024,-0.774962,-0.199987,-2.039994,0.113679,-0.058240,-0.471395,-0.565539,0.006761
1190201647,-1.155024,-0.774962,-0.199987,-2.039994,0.113679,-0.058240,-0.471395,-0.564306,0.006761
1190201652,-1.155024,-0.774962,-0.199987,-2.039994,0.112809,-0.058240,-0.471395,-0.563074,0.011495
1190201657,-1.155024,-0.774962,-0.199987,-2.039994,0.113099,-0.058240,-0.471395,-0.563444,0.009128
1190201661,-1.155024,-0.774962,-0.199987,-2.039994,0.113679,-0.058240,-0.471395,-0.566032,0.004394
1190201666,-1.155024,-0.774962,-0.199987,-2.039994,0.113389,-0.058240,-0.471395,-0.562704,0.009128
1190201670,-1.155024,-0.774962,-0.199987,-2.039994,0.114258,-0.058240,-0.471395,-0.565539,0.002027
1190201675,-1.155024,-0.774962,-0.199987,-2.039994,0.113969,-0.058240,-0.471395,-0.564553,0.004394
1190201678,-1.155024,-0.774962,-0.199987,-2.039994,0.113389,-0.058240,-0.471395,-0.566525,0.009128
1190201683,-1.155024,-0.774962,-0.199987,-2.039994,0.113099,-0.058240,-0.471395,-0.568743,0.011495
1190201687,-1.155024,-0.774962,-0.199987,-2.039994,0.113389,-0.058240,-0.471395,-0.566648,0.006761
1190201692,-1.155024,-0.774962,-0.199987,-2.039994,0.113969,-0.058240,-0.471395,-0.567141,0.004394
1190201697,-1.155024,-0.774962,-0.199987,-2.039994,0.113389,-0.058240,-0.471395,-0.565785,0.009128
1190201701,-1.155024,-0.774962,-0.199987,-2.039994,0.113389,-0.058240,-0.471395,-0.564060,0.009128
1190201706,-1.155024,-0.774962,-0.199987,-2.039994,0.112519,-0.058240,-0.471395,-0.565046,0.013862
1190201711,-1.155024,-0.774962,-0.199987,-2.039994,0.112809,-0.058240,-0.471395,-0.565539,0.011495
1190201715,-1.155024,-0.774962,-0.199987,-2.039994,0.113099,-0.058240,-0.471395,-0.564306,0.009128
1190201720,-1.155024,-0.774962,-0.199987,-2.039994,0.113389,-0.058240,-0.471395,-0.564306,0.009128
1190201724,-1.155024,-0.774962,-0.199987,-2.039994,0.112809,-0.058240,-0.471395,-0.564430,0.011495
1190201729,-1.155024,-0.774962,-0.199987,-2.039994,0.113389,-0.058240,-0.471395,-0.564923,0.006761
1190201732,-1.155024,-0.774962,-0.199987,-2.039994,0.113679,-0.058240,-0.471395,-0.563074,0.006761
1190201737,-1.155024,-0.774962,-0.199987,-2.039994,0.113389,-0.058240,-0.471395,-0.564306,0.006761
1190201741,-1.155024,-0.774962,-0.199987,-2.039994,0.113099,-0.058240,-0.471395,-0.564306,0.009128
1190201746,-1.155024,-0.774962,-0.199987,-2.039994,0.113389,-0.058240,-0.471395,-0.565909,0.006761
1190201755,-1.155024,-0.774962,-0.199987,-2.039994,0.113389,-0.058240,-0.471395,-0.567018,0.009128
1190201760,-1.155024,-0.774962,-0.199987,-2.039994,0.113099,-0.058240,-0.471395,-0.565169,0.011495
1190201765,-1.155024,-0.774962,-0.199987,-2.039994,0.112519,-0.058240,-0.471395,-0.567141,0.013862
1190201769,-1.155024,-0.774962,-0.199987,-2.039994,0.112519,-0.058240,-0.471395,-0.564676,0.016229
1190201774,-1.155024,-0.774962,-0.199987,-2.039994,0.112809,-0.058240,-0.471395,-0.566525,0.013862
1190201783,-1.155024,-0.774962,-0.199987,-2.039994,0.112809,-0.058240,-0.471395,-0.568003,0.013862
1190201786,-1.155024,-0.774962,-0.199987,-2.039994,0.112519,-0.058240,-0.471395,-0.566648,0.013862
1190201791,-1.155024,-0.774962,-0.199987,-2.039994,0.112519,-0.058240,-0.471395,-0.566278,0.013862
1190201795,-1.155024,-0.774962,-0.199987,-2.039994,0.112809,-0.058240,-0.471395,-0.565539,0.011495
1190201800,-1.155024,-0.774962,-0.199987,-2.039994,0.112809,-0.058240,-0.471395,-0.565909,0.011495
1190201809,-1.155024,-0.774962,-0.199987,-2.039994,0.112519,-0.058240,-0.471395,-0.563321,0.016229
1190201814,-1.155024,-0.774962,-0.199987,-2.039994,0.113099,-0.058240,-0.471395,-0.564306,0.011495
1190201819,-1.155024,-0.774962,-0.199987,-2.039994,0.112519,-0.058240,-0.471395,-0.562951,0.013862
1190201823,-1.155024,-0.774962,-0.199987,-2.039994,0.112809,-0.058240,-0.471395,-0.560240,0.011495
1190201828,-1.155024,-0.774962,-0.199987,-2.039994,0.113389,-0.058240,-0.471395,-0.566401,0.006761
1190201832,-1.155024,-0.774962,-0.199987,-2.039994,0.113099,-0.058240,-0.471395,-0.562951,0.009128
1190201837,-1.155024,-0.774962,-0.199987,-2.039994,0.113389,-0.058240,-0.471395,-0.563814,0.006761
1190201840,-1.155024,-0.774962,-0.199987,-2.039994,0.113389,-0.058240,-0.471395,-0.562335,0.006761
1190201845,-1.155024,-0.774962,-0.199987,-2.039994,0.113099,-0.058240,-0.471395,-0.566401,0.011495
1190201849,-1.155024,-0.774962,-0.199987,-2.039994,0.112809,-0.058240,-0.471395,-0.567141,0.011495
1190201854,-1.155024,-0.774962,-0.199987,-2.039994,0.112809,-0.058240,-0.471395,-0.563567,0.011495
1190201858,-1.155024,-0.774962,-0.199987,-2.039994,0.112809,-0.058240,-0.471395,-0.564306,0.011495
1190201863,-1.155024,-0.774962,-0.199987,-2.039994,0.113389,-0.058240,-0.471395,-0.564799,0.006761
1190201868,-1.155024,-0.774962,-0.199987,-2.039994,0.113679,-0.058240,-0.471395,-0.565046,0.006761
1190201873,-1.155024,-0.774962,-0.199987,-2.039994,0.113099,-0.058240,-0.471395,-0.565785,0.009128
1190201877,-1.155024,-0.774962,-0.199987,-2.039994,0.113389,-0.058240,-0.471395,-0.565416,0.009128
1190201882,-1.155024,-0.774962,-0.199987,-2.039994,0.113389,-0.058240,-0.471395,-0.567880,0.009128
1190201886,-1.155024,-0.774962,-0.199987,-2.039994,0.113099,-0.058240,-0.471395,-0.564430,0.011495
1190201891,-1.155024,-0.774962,-0.199987,-2.039994,0.113099,-0.058240,-0.471395,-0.564183,0.011495
1190201894,-1.155024,-0.774962,-0.199987,-2.039994,0.112809,-0.058240,-0.471395,-0.561965,0.013862
1190201899,-1.155024,-0.774962,-0.199987,-2.039994,0.113099,-0.058240,-0.471395,-0.562828,0.009128
1190201903,-1.155024,-0.774962,-0.199987,-2.039994,0.112809,-0.058240,-0.471395,-0.566155,0.011495
1190201908,-1.155024,-0.774962,-0.199987,-2.039994,0.112519,-0.058240,-0.471395,-0.569236,0.016229
1190201912,-1.155024,-0.774962,-0.199987,-2.039994,0.113099,-0.058240,-0.471395,-0.568003,0.009128
1190201917,-1.155024,-0.774962,-0.199987,-2.039994,0.113679,-0.058240,-0.471395,-0.563444,0.006761
1190201922,-1.155024,-0.774962,-0.199987,-2.039994,0.113679,-0.058240,-0.471395,-0.568989,0.004394
1190201927,-1.155024,-0.774962,-0.199987,-2.039994,0.113679,-0.058240,-0.471395,-0.568127,0.004394
1190201931,-1.155024,-0.774962,-0.199987,-2.039994,0.113099,-0.058240,-0.471395,-0.566648,0.011495
1190201936,-1.155024,-0.774962,-0.199987,-2.039994,0.112519,-0.058240,-0.471395,-0.564306,0.013862
1190201940,-1.155024,-0.774962,-0.199987,-2.039994,0.112519,-0.058240,-0.471395,-0.566155,0.016229
1190201945,-1.155024,-0.774962,-0.199987,-2.039994,0.113389,-0.058240,-0.471395,-0.566401,0.009128
1190201948,-1.155024,-0.774962,-0.199987,-2.039994,0.113389,-0.058240,-0.471395,-0.563197,0.006761
1190201953,-1.155024,-0.774962,-0.199987,-2.039994,0.113099,-0.058240,-0.471395,-0.560240,0.011495
1190201957,-1.155024,-0.774962,-0.199987,-2.039994,0.112809,-0.058240,-0.471395,-0.562581,0.011495
1190201962,-1.155024,-0.774962,-0.199987,-2.039994,0.113389,-0.058240,-0.471395,-0.563690,0.006761
1190201966,-1.155024,-0.774962,-0.199987,-2.039994,0.113389,-0.058240,-0.471395,-0.566525,0.006761
1190201971,-1.155024,-0.774962,-0.199987,-2.039994,0.113679,-0.058240,-0.471395,-0.566525,0.006761
1190201976,-1.155024,-0.774962,-0.199987,-2.039994,0.113679,-0.058240,-0.471395,-0.565416,0.004394
1190201981,-1.155024,-0.774962,-0.199987,-2.039994,0.113969,-0.058240,-0.471395,-0.567018,0.004394
1190201990,-1.155024,-0.774962,-0.199987,-2.039994,0.113969,-0.058240,-0.471395,-0.565909,0.004394
1190201994,-1.155024,-0.774962,-0.199987,-2.039994,0.114258,-0.058240,-0.471395,-0.565662,-0.000340
1190201999,-1.155024,-0.774962,-0.199987,-2.039994,0.114258,-0.058240,-0.471395,-0.567018,-0.000340
1190202002,-1.155024,-0.774962,-0.199987,-2.039994,0.113969,-0.058240,-0.471395,-0.566648,0.002027
1190202007,-1.155024,-0.774962,-0.199987,-2.039994,0.114258,-0.058240,-0.471395,-0.567387,-0.000340
1190202016,-1.155024,-0.774962,-0.199987,-2.039994,0.114258,-0.058240,-0.471395,-0.569113,-0.000340
1243946986,0.544726,2.922953,0.504312,2.250227,1.571593,0.126482,0.448052,2.362229,-2.485137
1243946989,0.556094,2.922830,0.504312,2.250227,1.562053,0.193696,0.432728,2.340681,-2.407219
1243946992,0.561468,2.922780,0.504312,2.250227,1.656417,0.194072,0.448052,2.350614,-3.177982
1243946995,0.561468,2.922780,0.504312,2.250227,1.640432,0.194072,0.432728,2.338472,-3.047415
1243946998,0.527364,2.923171,0.504312,2.250227,1.378612,0.194072,0.432728,2.338472,-0.907811
1243947001,0.513308,2.923318,0.504312,2.250227,1.304487,0.194072,-0.088292,2.348600,-0.303415
1243947004,0.495946,2.923509,0.504312,2.250227,1.227011,0.194072,-0.394774,2.337333,0.329411
1243947007,0.478377,2.923691,0.504312,2.250227,1.362111,0.194072,-0.394774,2.351344,-0.774085
1243947010,0.477550,2.923695,0.504312,2.250227,1.368170,0.194072,-0.118940,2.339542,-0.823574
1243947013,0.477550,2.923695,0.504312,2.250227,1.352571,0.194072,0.386756,2.359561,-0.696167
1243947016,0.479204,2.923673,0.504312,2.250227,1.365463,0.194072,0.432728,2.325990,-0.801462
1243947019,0.482511,2.923639,0.504312,2.250227,1.409937,0.194072,0.432728,2.266683,-1.164732
1243947022,0.486025,2.923599,0.504312,2.250227,1.443325,0.194072,0.432728,2.318454,-1.436394
1243947025,0.491605,2.923536,0.504312,2.250227,1.462662,0.194072,0.432728,2.352330,-1.595390
1243947028,0.499046,2.923452,0.504312,2.250227,1.464080,0.194072,0.448052,2.340723,-1.606973
1243947031,0.506487,2.923374,0.504312,2.250227,1.488445,0.194072,0.448052,2.347759,-1.805981
1243947034,0.513928,2.923291,0.504312,2.250227,1.487284,0.194072,0.448052,2.347759,-1.796505
1243947037,0.521369,2.923210,0.504312,2.250227,1.482257,0.194072,0.448052,2.337486,-1.755440
1243947040,0.529224,2.923126,0.504312,2.250227,1.496437,0.194072,0.432728,2.345898,-1.871265
1243947043,0.537285,2.923041,0.504312,2.250227,1.478776,0.194072,0.432728,2.349288,-1.727010
1243947046,0.537698,2.923039,0.504312,2.250227,1.475682,0.194072,0.432728,2.341599,-1.701739
1243947049,0.537698,2.923039,0.504312,2.250227,1.462662,0.194072,0.432728,2.349169,-1.594337
1243947052,0.537698,2.923039,0.504312,2.250227,1.459053,0.194072,0.432728,2.349169,-1.565908
1243947055,0.537698,2.923039,0.504312,2.250227,1.452478,0.194072,0.432728,2.329678,-1.512207
1243947058,0.539765,2.923014,0.504312,2.250227,1.428758,0.194072,0.432728,2.329678,-1.317410
1243947061,0.540385,2.923012,0.504312,2.250227,1.458666,0.194072,0.448052,2.331963,-1.562749
1243947064,0.540179,2.923012,0.504312,2.250227,1.457248,0.194072,0.432728,2.339347,-1.551166
1243947070,0.540179,2.923012,0.504312,2.250227,1.455443,0.194072,0.432728,2.340834,-1.536425
1243947073,0.540179,2.923012,0.504312,2.250227,1.456603,0.194072,0.432728,2.340834,-1.545901
1243947076,0.540179,2.923012,0.504312,2.250227,1.454670,0.194072,0.432728,2.340834,-1.530107
1243947079,0.540179,2.923012,0.504312,2.250227,1.456217,0.194072,0.432728,2.349552,-1.542743
1243947082,0.540179,2.923012,0.504312,2.250227,1.453767,0.194072,0.432728,2.356519,-1.521683
1243947085,0.540179,2.923012,0.504312,2.250227,1.453381,0.194072,0.448052,2.346731,-1.519578
1243947088,0.540179,2.923012,0.504312,2.250227,1.452220,0.194072,0.448052,2.346731,-1.509048
1243947091,0.540179,2.923012,0.504312,2.250227,1.452994,0.194072,0.539997,2.354990,-1.516419
1243947094,0.540179,2.923012,0.504312,2.250227,1.456990,0.194072,0.539997,2.354990,-1.549060
1243947097,0.540179,2.923012,0.504312,2.250227,1.454025,0.194072,1.106989,2.347342,-1.523789
1243947100,0.540179,2.923012,0.504312,2.250227,1.452478,0.194072,1.352175,2.346960,-1.512207
1243947103,0.540179,2.923012,0.504312,2.250227,1.443454,0.194072,1.367499,2.306991,-1.438500
1243947106,0.540179,2.923012,0.504312,2.250227,1.442165,0.194072,1.367499,2.306991,-1.426918
1243947109,0.540179,2.923012,0.504312,2.250227,1.436106,0.194072,1.367499,2.321954,-1.378482
1243947112,0.540592,2.923005,0.504312,2.250227,1.432626,0.194072,1.352175,2.304791,-1.348999
1243947115,0.543072,2.922978,0.504312,2.250227,1.415609,0.194072,1.352175,2.304791,-1.211062
1243947118,0.546173,2.922944,0.504312,2.250227,1.432110,0.194072,1.352175,2.323891,-1.345840
1243947121,0.548653,2.922920,0.504312,2.250227,1.430305,0.194072,1.352175,2.314188,-1.330046
1243947124,0.550720,2.922897,0.504312,2.250227,1.422571,0.194072,1.367499,2.320314,-1.267921
1243947127,0.553201,2.922870,0.504312,2.250227,1.419477,0.194072,1.367499,2.324843,-1.242650
1243947130,0.555681,2.922843,0.504312,2.250227,1.419735,0.194072,1.382824,2.327698,-1.244756
1243947133,0.558161,2.922816,0.504312,2.250227,1.419348,0.194072,1.367499,2.339653,-1.241597
1243947136,0.560642,2.922789,0.504312,2.250227,1.415094,0.194072,1.367499,2.333637,-1.206850
1243947139,0.563122,2.922762,0.504312,2.250227,1.413934,0.194072,1.367499,2.333637,-1.197373
1243947142,0.565602,2.922733,0.504312,2.250227,1.414836,0.194072,1.367499,2.342355,-1.204744
1243947145,0.568289,2.922704,0.504312,2.250227,1.415609,0.194072,1.367499,2.329950,-1.210009
1243947148,0.571183,2.922672,0.504312,2.250227,1.417930,-0.013456,1.367499,2.329950,-1.230015
1243947151,0.574077,2.922641,0.504312,2.250227,1.419477,-0.013456,1.367499,2.345745,-1.242650
1243947154,0.576971,2.922611,0.504312,2.250227,1.419863,-0.013456,1.367499,2.342967,-1.245809
1243947157,0.579658,2.922580,0.504312,2.250227,1.414320,-0.027456,1.367499,2.324393,-1.200532
1243947160,0.582551,2.922548,0.504312,2.250227,1.421153,-0.027456,1.367499,2.324393,-1.256339
1243947163,0.585445,2.922517,0.504312,2.250227,1.423602,-0.027456,1.352175,2.310458,-1.276345
1243947166,0.588339,2.922486,0.504312,2.250227,1.419348,-0.027456,1.352175,2.324274,-1.241597
1243947169,0.591232,2.922454,0.504312,2.250227,1.419606,-0.003920,1.367499,2.328157,-1.243703
1243947172,0.594126,2.922425,0.504312,2.250227,1.419090,-0.003920,1.367499,2.315480,-1.239492
1243947175,0.597433,2.922387,0.504312,2.250227,1.422184,-0.003920,1.352175,2.327435,-1.264762
1243947178,0.600740,2.922351,0.504312,2.250227,1.427598,-0.001090,1.367499,2.330859,-1.308987
1243947181,0.604254,2.922312,0.504312,2.250227,1.427083,-0.001090,1.367499,2.330859,-1.304775
1243947184,0.607768,2.922274,0.504312,2.250227,1.428114,-0.001090,1.367499,2.346773,-1.313198
1243947187,0.611075,2.922238,0.504312,2.250227,1.425149,0.005625,1.352175,2.345405,-1.288980
1243947190,0.614589,2.922198,0.504312,2.250227,1.420379,0.005625,1.367499,2.334249,-1.250021
1243947193,0.618516,2.922157,0.504312,2.250227,1.424762,0.005625,1.352175,2.344411,-1.285822
1243947196,0.622650,2.922110,0.504312,2.250227,1.435333,0.012805,1.352175,2.333637,-1.372164
1243947199,0.627197,2.922063,0.504312,2.250227,1.429919,0.012805,1.367499,2.341293,-1.327940
1243947202,0.632365,2.922004,0.504312,2.250227,1.436751,0.025123,1.352175,2.327554,-1.383746
1243947205,0.637739,2.921946,0.504312,2.250227,1.435720,0.025123,1.352175,2.326254,-1.375323
1243947208,0.643526,2.921883,0.504312,2.250227,1.436106,0.046169,1.352175,2.326330,-1.378482
1243947211,0.649107,2.921822,0.504312,2.250227,1.444099,0.046169,1.367499,2.329151,-1.443765
1243947214,0.654895,2.921759,0.504312,2.250227,1.442165,0.059898,1.352175,2.323628,-1.426918
1243947217,0.660475,2.921698,0.504312,2.250227,1.428758,0.059898,1.367499,2.336458,-1.318463
1243947220,0.666263,2.921635,0.504312,2.250227,1.429145,0.062312,1.367499,2.330782,-1.321622
1243947223,0.671844,2.921575,0.504312,2.250227,1.433012,0.062312,1.352175,2.323891,-1.353211
1243947226,0.677631,2.921514,0.504312,2.250227,1.436880,0.062288,1.367499,2.329984,-1.384799
1243947229,0.683212,2.921451,0.504312,2.250227,1.437782,0.062288,1.367499,2.339084,-1.392170
1243947232,0.688999,2.921390,0.504312,2.250227,1.437782,0.062049,1.352175,2.328582,-1.392170
1243947235,0.694580,2.921327,0.504312,2.250227,1.434946,0.062122,1.367499,2.343077,-1.369005
1243947238,0.700368,2.921267,0.504312,2.250227,1.434817,0.062122,1.352175,2.330748,-1.367952
1243947241,0.705948,2.921204,0.504312,2.250227,1.432110,0.062170,1.367499,2.349662,-1.345840
1243947244,0.712149,2.921138,0.504312,2.250227,1.438298,0.062170,1.352175,2.347725,-1.396382
1243947247,0.718143,2.921071,0.504312,2.250227,1.440232,0.065514,1.367499,2.338285,-1.412176
1243947250,0.724758,2.920999,0.504312,2.250227,1.439716,0.065514,1.367499,2.338778,-1.407964
1243947253,0.731785,2.920923,0.504312,2.250227,1.441521,0.072867,1.367499,2.340452,-1.422706
1243947256,0.739433,2.920837,0.504312,2.250227,1.439071,0.085040,1.367499,2.317162,-1.402700
1243947259,0.748734,2.920734,0.504312,2.250227,1.451576,0.108282,1.367499,2.317162,-1.504836
1243947262,0.759069,2.920621,0.504312,2.250227,1.462920,0.142927,1.352175,2.318258,-1.597496
1243947265,0.769610,2.920509,0.504312,2.250227,1.456346,0.168126,1.352175,2.322413,-1.543796
1243947268,0.779945,2.920396,0.504312,2.250227,1.465498,0.172423,1.367499,2.330442,-1.618555
1243947271,0.790280,2.920284,0.504312,2.250227,1.458795,0.172581,1.367499,2.317077,-1.563802
1243947274,0.800615,2.920169,0.504312,2.250227,1.463436,0.172662,1.352175,2.320127,-1.601708
1243947277,0.810950,2.920057,0.504312,2.250227,1.470784,0.172819,1.367499,2.333297,-1.661727
1243947280,0.821491,2.919942,0.504312,2.250227,1.460342,0.173139,1.367499,2.328276,-1.576437
1243947283,0.832032,2.919830,0.504312,2.250227,1.463436,0.174913,1.367499,2.346620,-1.601708
1243947286,0.842574,2.919713,0.504312,2.250227,1.463951,0.175564,1.367499,2.346620,-1.605920
1201664628,-0.687790,1.311434,-0.199987,0.733757,-0.643872,-0.046515,-0.471395,-0.571824,-0.208649
1201664633,-0.687790,1.311434,-0.199987,0.733757,-0.645611,-0.046515,-0.471395,-0.572933,-0.208649
1201664642,-0.687790,1.311434,-0.199987,0.733757,-0.643872,-0.046515,-0.471395,-0.573796,-0.208649
1201664646,-0.687790,1.311434,-0.199987,0.733757,-0.648220,-0.046515,-0.471395,-0.575398,-0.208649
1201664651,-0.687790,1.311434,-0.199987,0.733757,-0.647930,-0.046515,-0.471395,-0.574658,-0.208649
1201664654,-0.687790,1.311434,-0.199987,0.733757,-0.647060,-0.046515,-0.471395,-0.576630,-0.208649
1201664659,-0.687790,1.311434,-0.199987,0.733757,-0.643003,-0.046515,-0.471395,-0.576137,-0.208649
1201664663,-0.687790,1.311434,-0.199987,0.733757,-0.648799,-0.046515,-0.471395,-0.576876,-0.208649
1201664668,-0.687790,1.311434,-0.199987,0.733757,-0.647060,-0.046515,-0.471395,-0.576014,-0.208649
1201664673,-0.687790,1.311434,-0.199987,0.733757,-0.646191,-0.046515,-0.471395,-0.576137,-0.208649
1201664677,-0.687790,1.311434,-0.199987,0.733757,-0.647640,-0.046515,-0.471395,-0.575028,-0.208649
1201664682,-0.687790,1.311434,-0.199987,0.733757,-0.647350,-0.046515,-0.471395,-0.573672,-0.208649
1201664687,-0.687790,1.311434,-0.199987,0.733757,-0.646191,-0.046515,-0.471395,-0.573426,-0.208649
1201664691,-0.687790,1.311434,-0.199987,0.733757,-0.646191,-0.046515,-0.471395,-0.575398,-0.208649
1201664696,-0.687790,1.311434,-0.199987,0.733757,-0.645321,-0.046515,-0.471395,-0.575151,-0.208649
1201664700,-0.687790,1.311434,-0.199987,0.733757,-0.647060,-0.046515,-0.471395,-0.573056,-0.208649
1201664705,-0.687790,1.311434,-0.199987,0.733757,-0.644162,-0.046515,-0.471395,-0.572317,-0.208649
1201664708,-0.687790,1.311434,-0.199987,0.733757,-0.645611,-0.046515,-0.471395,-0.574042,-0.208649
1201664713,-0.687790,1.311434,-0.199987,0.733757,-0.647350,-0.046515,-0.471395,-0.573549,-0.208649
1201664717,-0.687790,1.311434,-0.199987,0.733757,-0.649379,-0.046515,-0.471395,-0.575891,-0.208649
1201664722,-0.687790,1.311434,-0.199987,0.733757,-0.647640,-0.046515,-0.471395,-0.574535,-0.208649
1201664727,-0.687790,1.311434,-0.199987,0.733757,-0.644742,-0.046515,-0.471395,-0.574905,-0.208649
1201664731,-0.687790,1.311434,-0.199987,0.733757,-0.647060,-0.046515,-0.471395,-0.577986,-0.208649
1201664736,-0.687790,1.311434,-0.199987,0.733757,-0.647640,-0.046515,-0.471395,-0.575521,-0.208649
1201664741,-0.687790,1.311434,-0.199987,0.733757,-0.647350,-0.046515,-0.471395,-0.574658,-0.208649
1201664745,-0.687790,1.311434,-0.199987,0.733757,-0.647350,-0.046515,-0.471395,-0.575028,-0.208649
1201664750,-0.687790,1.311434,-0.199987,0.733757,-0.649379,-0.046515,-0.471395,-0.576137,-0.208649
1201664754,-0.687790,1.311434,-0.199987,0.733757,-0.646481,-0.046515,-0.471395,-0.576137,-0.208649
1201664759,-0.687790,1.311434,-0.199987,0.733757,-0.647930,-0.046515,-0.471395,-0.575274,-0.208649
1201664762,-0.687790,1.311434,-0.199987,0.733757,-0.647350,-0.046515,-0.471395,-0.573796,-0.208649
1201664767,-0.687790,1.311434,-0.199987,0.733757,-0.647350,-0.046515,-0.471395,-0.574535,-0.208649
1201664771,-0.687790,1.311434,-0.199987,0.733757,-0.645611,-0.046515,-0.471395,-0.573056,-0.208649
1201664776,-0.687790,1.311434,-0.199987,0.733757,-0.650248,-0.046515,-0.471395,-0.573303,-0.208649
1201664781,-0.687790,1.311434,-0.199987,0.733757,-0.646191,-0.046515,-0.471395,-0.573796,-0.208649
1201664785,-0.687790,1.311434,-0.199987,0.733757,-0.647350,-0.046515,-0.471395,-0.572317,-0.208649
1201664790,-0.687790,1.311434,-0.199987,0.733757,-0.647930,-0.046515,-0.471395,-0.570961,-0.208649
1201664795,-0.687790,1.311434,-0.199987,0.733757,-0.645901,-0.046515,-0.471395,-0.573919,-0.208649
1201664799,-0.687790,1.311434,-0.199987,0.733757,-0.647060,-0.046515,-0.471395,-0.573179,-0.208649
1201664804,-0.687790,1.311434,-0.199987,0.733757,-0.645321,-0.046515,-0.471395,-0.574042,-0.208649
1201664808,-0.687790,1.311434,-0.199987,0.733757,-0.646191,-0.046515,-0.471395,-0.573426,-0.208649
1201664813,-0.687790,1.311434,-0.199987,0.733757,-0.645611,-0.046515,-0.471395,-0.573919,-0.208649
1201664821,-0.687790,1.311434,-0.199987,0.733757,-0.646191,-0.046515,-0.471395,-0.575644,-0.208649
1201664825,-0.687790,1.311434,-0.199987,0.733757,-0.648220,-0.046515,-0.471395,-0.574165,-0.208649
1201664830,-0.687790,1.311434,-0.199987,0.733757,-0.646481,-0.046515,-0.471395,-0.573672,-0.208649
1201664835,-0.687790,1.311434,-0.199987,0.733757,-0.643872,-0.046515,-0.471395,-0.574165,-0.208649
1201664839,-0.687790,1.311434,-0.199987,0.733757,-0.645611,-0.046515,-0.471395,-0.576137,-0.208649
1201664849,-0.687790,1.311434,-0.199987,0.733757,-0.644162,-0.046515,-0.471395,-0.578848,-0.208649
1201664853,-0.687790,1.311434,-0.199987,0.733757,-0.643872,-0.046515,-0.471395,-0.578478,-0.208649
1201664858,-0.687790,1.311434,-0.199987,0.733757,-0.645321,-0.046515,-0.471395,-0.575398,-0.208649
1201664862,-0.687790,1.311434,-0.199987,0.733757,-0.641554,-0.046515,-0.471395,-0.578232,-0.208649
1201664867,-0.687790,1.311434,-0.199987,0.733757,-0.644742,-0.046515,-0.471395,-0.575767,-0.208649
1201664875,-0.687790,1.311434,-0.199987,0.733757,-0.644742,-0.046515,-0.471395,-0.577123,-0.208649
1201664879,-0.687790,1.311434,-0.199987,0.733757,-0.642713,-0.046515,-0.471395,-0.573672,-0.208649
1201664884,-0.687790,1.311434,-0.199987,0.733757,-0.646481,-0.046515,-0.471395,-0.577246,-0.208649
1201664889,-0.687790,1.311434,-0.199987,0.733757,-0.643293,-0.046515,-0.471395,-0.576383,-0.208649
1201664893,-0.687790,1.311434,-0.199987,0.733757,-0.646191,-0.046515,-0.471395,-0.574165,-0.208649
1201664898,-0.687790,1.311434,-0.199987,0.733757,-0.643872,-0.046515,-0.471395,-0.576383,-0.208649
1201664903,-0.687790,1.311434,-0.199987,0.733757,-0.645032,-0.046515,-0.471395,-0.577246,-0.208649
1201664907,-0.687790,1.311434,-0.199987,0.733757,-0.646191,-0.046515,-0.471395,-0.575644,-0.208649
1201664912,-0.687790,1.311434,-0.199987,0.733757,-0.647060,-0.046515,-0.471395,-0.575767,-0.208649
1201664916,-0.687790,1.311434,-0.199987,0.733757,-0.643872,-0.046515,-0.471395,-0.576630,-0.208649
1201664921,-0.687790,1.311434,-0.199987,0.733757,-0.646481,-0.046515,-0.471395,-0.575891,-0.208649
1201664924,-0.687790,1.311434,-0.199987,0.733757,-0.643872,-0.046515,-0.471395,-0.574042,-0.208649
1201664929,-0.687790,1.311434,-0.199987,0.733757,-0.645321,-0.046515,-0.471395,-0.577369,-0.208649
1201664933,-0.687790,1.311434,-0.199987,0.733757,-0.643003,-0.046515,-0.471395,-0.575028,-0.208649
1201664938,-0.687790,1.311434,-0.199987,0.733757,-0.645032,-0.046515,-0.471395,-0.575767,-0.208649
1201664943,-0.687790,1.311434,-0.199987,0.733757,-0.645321,-0.046515,-0.471395,-0.575644,-0.208649
1201664947,-0.687790,1.311434,-0.199987,0.733757,-0.646481,-0.046515,-0.471395,-0.577246,-0.208649
1201664952,-0.687790,1.311434,-0.199987,0.733757,-0.644742,-0.046515,-0.471395,-0.577862,-0.208649
1201664957,-0.687790,1.311434,-0.199987,0.733757,-0.645321,-0.046515,-0.471395,-0.576260,-0.208649
1201664961,-0.687790,1.311434,-0.199987,0.733757,-0.643872,-0.046515,-0.471395,-0.579588,-0.208649
1201664966,-0.687790,1.311434,-0.199987,0.733757,-0.646481,-0.046515,-0.471395,-0.576876,-0.208649
1201664970,-0.687790,1.311434,-0.199987,0.733757,-0.648220,-0.046515,-0.471395,-0.579218,-0.208649
1201664975,-0.687790,1.311434,-0.199987,0.733757,-0.646191,-0.046515,-0.471395,-0.578725,-0.208649
1201664978,-0.687790,1.311434,-0.199987,0.733757,-0.647930,-0.046515,-0.471395,-0.577000,-0.208649
1201664983,-0.687790,1.311434,-0.199987,0.733757,-0.643872,-0.046515,-0.471395,-0.579341,-0.208649
1201664987,-0.687790,1.311434,-0.199987,0.733757,-0.647930,-0.046515,-0.471395,-0.580697,-0.208649
1201664992,-0.687790,1.311434,-0.199987,0.733757,-0.649668,-0.046515,-0.471395,-0.579957,-0.208649
1201664997,-0.687790,1.311434,-0.199987,0.733757,-0.647060,-0.046515,-0.471395,-0.577123,-0.208649
1201665001,-0.687790,1.311434,-0.199987,0.733757,-0.646481,-0.046515,-0.471395,-0.579464,-0.208649
1201665006,-0.687790,1.311434,-0.199987,0.733757,-0.646191,-0.046515,-0.471395,-0.576507,-0.208649
1201665011,-0.687790,1.311434,-0.199987,0.733757,-0.646481,-0.046515,-0.471395,-0.576507,-0.208649
1201665015,-0.687790,1.311434,-0.199987,0.733757,-0.650828,-0.046515,-0.471395,-0.577000,-0.208649
1201665020,-0.687790,1.311434,-0.199987,0.733757,-0.647640,-0.046515,-0.471395,-0.578109,-0.208649
1201665024,-0.687790,1.311434,-0.199987,0.733757,-0.643872,-0.046515,-0.471395,-0.577123,-0.208649
1201665029,-0.687790,1.311434,-0.199987,0.733757,-0.647060,-0.046515,-0.471395,-0.578232,-0.208649
1201665032,-0.687790,1.311434,-0.199987,0.733757,-0.644162,-0.046515,-0.471395,-0.578109,-0.208649
1201665037,-0.687790,1.311434,-0.199987,0.733757,-0.651987,-0.046515,-0.471395,-0.577123,-0.208649
1201665041,-0.687790,1.311434,-0.199987,0.733757,-0.648509,-0.046515,-0.471395,-0.578725,-0.208649
1201665046,-0.687790,1.311434,-0.199987,0.733757,-0.644742,-0.046515,-0.471395,-0.576383,-0.208649
1201665055,-0.687790,1.311434,-0.199987,0.733757,-0.647640,-0.046515,-0.471395,-0.577246,-0.208649
1201665060,-0.687790,1.311434,-0.199987,0.733757,-0.648220,-0.046515,-0.471395,-0.577739,-0.208649
1201665065,-0.687790,1.311434,-0.199987,0.733757,-0.648509,-0.046515,-0.471395,-0.578602,-0.208649
1201665069,-0.687790,1.311434,-0.199987,0.733757,-0.647640,-0.046515,-0.471395,-0.577246,-0.208649
1201665074,-0.687790,1.311434,-0.199987,0.733757,-0.649668,-0.046515,-0.471395,-0.576753,-0.208649
1201665083,-0.687790,1.311434,-0.199987,0.733757,-0.646481,-0.046515,-0.471395,-0.572933,-0.208649
1201665086,-0.687790,1.311434,-0.199987,0.733757,-0.648799,-0.046515,-0.471395,-0.580573,-0.208649
1201665091,-0.687790,1.311434,-0.199987,0.733757,-0.645611,-0.046515,-0.471395,-0.578232,-0.208649
1201665095,-0.687790,1.311434,-0.199987,0.733757,-0.649958,-0.046515,-0.471395,-0.579957,-0.208649
1201665100,-0.687790,1.311434,-0.199987,0.733757,-0.649668,-0.046515,-0.471395,-0.578971,-0.208649
1223647799,-0.594885,-0.922978,-0.199987,-0.090363,-0.707919,-0.034272,-0.471395,-0.588584,-0.208649
1223647803,-0.594885,-0.922978,-0.199987,-0.090363,-0.707340,-0.034272,-0.471395,-0.587721,-0.208649
1223647808,-0.594885,-0.922978,-0.199987,-0.090363,-0.708209,-0.034272,-0.471395,-0.588707,-0.208649
1223647812,-0.594885,-0.922978,-0.199987,-0.090363,-0.708499,-0.034272,-0.471395,-0.585503,-0.208649
1223647817,-0.594885,-0.922978,-0.199987,-0.090363,-0.709079,-0.034272,-0.471395,-0.586242,-0.208649
1223647826,-0.594885,-0.922978,-0.199987,-0.090363,-0.707919,-0.034272,-0.471395,-0.585749,-0.208649
1223647830,-0.594885,-0.922978,-0.199987,-0.090363,-0.708499,-0.034272,-0.471395,-0.591541,-0.208649
1223647835,-0.594885,-0.922978,-0.199987,-0.090363,-0.707340,-0.034272,-0.471395,-0.589077,-0.208649
1223647839,-0.594885,-0.922978,-0.199987,-0.090363,-0.707050,-0.034272,-0.471395,-0.587968,-0.208649
1223647844,-0.594885,-0.922978,-0.199987,-0.090363,-0.708499,-0.034272,-0.471395,-0.587968,-0.208649
1223647848,-0.594885,-0.922978,-0.199987,-0.090363,-0.708499,-0.034272,-0.471395,-0.592650,-0.208649
1223647853,-0.594885,-0.922978,-0.199987,-0.090363,-0.706760,-0.034272,-0.471395,-0.591172,-0.208649
1223647857,-0.594885,-0.922978,-0.199987,-0.090363,-0.708209,-0.034272,-0.471395,-0.587228,-0.208649
1223647862,-0.594885,-0.922978,-0.199987,-0.090363,-0.707919,-0.034272,-0.471395,-0.585010,-0.208649
1223647866,-0.594885,-0.922978,-0.199987,-0.090363,-0.707919,-0.034272,-0.471395,-0.588337,-0.208649
1223647871,-0.594885,-0.922978,-0.199987,-0.090363,-0.708499,-0.034272,-0.471395,-0.589570,-0.208649
1223647875,-0.594885,-0.922978,-0.199987,-0.090363,-0.708209,-0.034272,-0.471395,-0.588707,-0.208649
1223647880,-0.594885,-0.922978,-0.199987,-0.090363,-0.707630,-0.034272,-0.471395,-0.588214,-0.208649
1223647884,-0.594885,-0.922978,-0.199987,-0.090363,-0.708789,-0.034272,-0.471395,-0.589570,-0.208649
1223647889,-0.594885,-0.922978,-0.199987,-0.090363,-0.709369,-0.034272,-0.471395,-0.590555,-0.208649
1223647893,-0.594885,-0.922978,-0.199987,-0.090363,-0.709079,-0.034272,-0.471395,-0.589693,-0.208649
1223647898,-0.594885,-0.922978,-0.199987,-0.090363,-0.709079,-0.034272,-0.471395,-0.589200,-0.208649
1223647902,-0.594885,-0.922978,-0.199987,-0.090363,-0.707630,-0.034272,-0.471395,-0.587721,-0.208649
1223647907,-0.594885,-0.922978,-0.199987,-0.090363,-0.707919,-0.034272,-0.471395,-0.586858,-0.208649
1223647911,-0.594885,-0.922978,-0.199987,-0.090363,-0.708209,-0.034272,-0.471395,-0.587351,-0.208649
1223647916,-0.594885,-0.922978,-0.199987,-0.090363,-0.707630,-0.034272,-0.471395,-0.584640,-0.208649
1223647920,-0.594885,-0.922978,-0.199987,-0.090363,-0.708209,-0.034272,-0.471395,-0.588091,-0.208649
1223647925,-0.594885,-0.922978,-0.199987,-0.090363,-0.709079,-0.034272,-0.471395,-0.587105,-0.208649
1223647929,-0.594885,-0.922978,-0.199987,-0.090363,-0.707050,-0.034272,-0.471395,-0.587475,-0.208649
1223647934,-0.594885,-0.922978,-0.199987,-0.090363,-0.706760,-0.034272,-0.471395,-0.590186,-0.208649
1223647938,-0.594885,-0.922978,-0.199987,-0.090363,-0.708209,-0.034272,-0.471395,-0.587598,-0.208649
1223647943,-0.594885,-0.922978,-0.199987,-0.090363,-0.707630,-0.034272,-0.471395,-0.586366,-0.208649
1223647947,-0.594885,-0.922978,-0.199987,-0.090363,-0.708209,-0.034272,-0.471395,-0.584640,-0.208649
1223647952,-0.594885,-0.922978,-0.199987,-0.090363,-0.707050,-0.034272,-0.471395,-0.585256,-0.208649
1223647956,-0.594885,-0.922978,-0.199987,-0.090363,-0.708209,-0.034272,-0.471395,-0.586735,-0.208649
1223647961,-0.594885,-0.922978,-0.199987,-0.090363,-0.707630,-0.034272,-0.471395,-0.585133,-0.208649
1223647965,-0.594885,-0.922978,-0.199987,-0.090363,-0.707919,-0.034272,-0.471395,-0.588214,-0.208649
1223647970,-0.594885,-0.922978,-0.199987,-0.090363,-0.709079,-0.034272,-0.471395,-0.587105,-0.208649
1223647974,-0.594885,-0.922978,-0.199987,-0.090363,-0.708209,-0.034272,-0.471395,-0.588707,-0.208649
1223647979,-0.594885,-0.922978,-0.199987,-0.090363,-0.708789,-0.034272,-0.471395,-0.589570,-0.208649
1223647983,-0.594885,-0.922978,-0.199987,-0.090363,-0.705891,-0.034272,-0.471395,-0.589077,-0.208649
1223647988,-0.594885,-0.922978,-0.199987,-0.090363,-0.707919,-0.034272,-0.471395,-0.589200,-0.208649
1223647992,-0.594885,-0.922978,-0.199987,-0.090363,-0.706470,-0.034272,-0.471395,-0.586242,-0.208649
1223647997,-0.594885,-0.922978,-0.199987,-0.090363,-0.707340,-0.034272,-0.471395,-0.590063,-0.208649
1223648006,-0.594885,-0.922978,-0.199987,-0.090363,-0.709079,-0.034272,-0.471395,-0.589570,-0.208649
1223648010,-0.594885,-0.922978,-0.199987,-0.090363,-0.706470,-0.034272,-0.471395,-0.591541,-0.208649
1223648015,-0.594885,-0.922978,-0.199987,-0.090363,-0.708499,-0.034272,-0.471395,-0.590555,-0.208649
1223648019,-0.594885,-0.922978,-0.199987,-0.090363,-0.708499,-0.034272,-0.471395,-0.592527,-0.208649
1223648024,-0.594885,-0.922978,-0.199987,-0.090363,-0.707630,-0.034272,-0.471395,-0.592281,-0.208649
1223648033,-0.594885,-0.922978,-0.199987,-0.090363,-0.709079,-0.034272,-0.471395,-0.590063,-0.208649
1223648037,-0.594885,-0.922978,-0.199987,-0.090363,-0.707630,-0.034272,-0.471395,-0.589077,-0.208649
1223648042,-0.594885,-0.922978,-0.199987,-0.090363,-0.709079,-0.034272,-0.471395,-0.588214,-0.208649
1223648046,-0.594885,-0.922978,-0.199987,-0.090363,-0.708499,-0.034272,-0.471395,-0.588830,-0.208649
1223648051,-0.594885,-0.922978,-0.199987,-0.090363,-0.707340,-0.034272,-0.471395,-0.589939,-0.208649
1223648060,-0.594885,-0.922978,-0.199987,-0.090363,-0.707919,-0.034272,-0.471395,-0.589693,-0.208649
1223648064,-0.594885,-0.922978,-0.199987,-0.090363,-0.707630,-0.034272,-0.471395,-0.593390,-0.208649
1223648069,-0.594885,-0.922978,-0.199987,-0.090363,-0.708499,-0.034272,-0.471395,-0.589323,-0.208649
1223648073,-0.594885,-0.922978,-0.199987,-0.090363,-0.707919,-0.034272,-0.471395,-0.586612,-0.208649
1223648078,-0.594885,-0.922978,-0.199987,-0.090363,-0.708499,-0.034272,-0.471395,-0.590309,-0.208649
1223648082,-0.594885,-0.922978,-0.199987,-0.090363,-0.709079,-0.034272,-0.471395,-0.590679,-0.208649
1223648087,-0.594885,-0.922978,-0.199987,-0.090363,-0.708499,-0.034272,-0.471395,-0.588460,-0.208649
1223648091,-0.594885,-0.922978,-0.199987,-0.090363,-0.709079,-0.034272,-0.471395,-0.588830,-0.208649
1223648096,-0.594885,-0.922978,-0.199987,-0.090363,-0.708499,-0.034272,-0.471395,-0.587228,-0.208649
1223648100,-0.594885,-0.922978,-0.199987,-0.090363,-0.708499,-0.034272,-0.471395,-0.590555,-0.208649
1223648105,-0.594885,-0.922978,-0.199987,-0.090363,-0.708789,-0.034272,-0.471395,-0.589816,-0.208649
1223648109,-0.594885,-0.922978,-0.199987,-0.090363,-0.708499,-0.034272,-0.471395,-0.589323,-0.208649
1223648114,-0.594885,-0.922978,-0.199987,-0.090363,-0.708209,-0.034272,-0.471395,-0.592650,-0.208649
1223648118,-0.594885,-0.922978,-0.199987,-0.090363,-0.709658,-0.034272,-0.471395,-0.592281,-0.208649
1223648123,-0.594885,-0.922978,-0.199987,-0.090363,-0.707050,-0.034272,-0.471395,-0.591541,-0.208649
1223648127,-0.594885,-0.922978,-0.199987,-0.090363,-0.707050,-0.034272,-0.471395,-0.590309,-0.208649
1223648132,-0.594885,-0.922978,-0.199987,-0.090363,-0.708209,-0.034272,-0.471395,-0.593513,-0.208649
1223648136,-0.594885,-0.922978,-0.199987,-0.090363,-0.708499,-0.034272,-0.471395,-0.591911,-0.208649
1223648141,-0.594885,-0.922978,-0.199987,-0.090363,-0.707630,-0.034272,-0.471395,-0.588707,-0.208649
1223648145,-0.594885,-0.922978,-0.199987,-0.090363,-0.708499,-0.034272,-0.471395,-0.589446,-0.208649
1223648150,-0.594885,-0.922978,-0.199987,-0.090363,-0.707340,-0.034272,-0.471395,-0.588337,-0.208649
1223648154,-0.594885,-0.922978,-0.199987,-0.090363,-0.708209,-0.034272,-0.471395,-0.588830,-0.208649
1223648159,-0.594885,-0.922978,-0.199987,-0.090363,-0.707630,-0.034272,-0.471395,-0.590432,-0.208649
1223648163,-0.594885,-0.922978,-0.199987,-0.090363,-0.707050,-0.034272,-0.471395,-0.590555,-0.208649
1223648168,-0.594885,-0.922978,-0.199987,-0.090363,-0.708209,-0.034272,-0.471395,-0.590063,-0.208649
1223648172,-0.594885,-0.922978,-0.199987,-0.090363,-0.708499,-0.034272,-0.471395,-0.592404,-0.208649
1223648177,-0.594885,-0.922978,-0.199987,-0.090363,-0.707340,-0.034272,-0.471395,-0.591048,-0.208649
1223648181,-0.594885,-0.922978,-0.199987,-0.090363,-0.707630,-0.034272,-0.471395,-0.591295,-0.208649
1223648186,-0.594885,-0.922978,-0.199987,-0.090363,-0.706470,-0.034272,-0.471395,-0.592774,-0.208649
1223648190,-0.594885,-0.922978,-0.199987,-0.090363,-0.707630,-0.034272,-0.471395,-0.590063,-0.208649
1223648195,-0.594885,-0.922978,-0.199987,-0.090363,-0.708209,-0.034272,-0.471395,-0.591911,-0.208649
1223648199,-0.594885,-0.922978,-0.199987,-0.090363,-0.707630,-0.034272,-0.471395,-0.587598,-0.208649
1223648204,-0.594885,-0.922978,-0.199987,-0.090363,-0.708499,-0.034272,-0.471395,-0.590309,-0.208649
1223648208,-0.594885,-0.922978,-0.199987,-0.090363,-0.707630,-0.034272,-0.471395,-0.590555,-0.208649
1223648213,-0.594885,-0.922978,-0.199987,-0.090363,-0.707919,-0.034272,-0.471395,-0.589693,-0.208649
1223648217,-0.594885,-0.922978,-0.199987,-0.090363,-0.707340,-0.034272,-0.471395,-0.590186,-0.208649
1223648222,-0.594885,-0.922978,-0.199987,-0.090363,-0.708209,-0.034272,-0.471395,-0.588460,-0.208649
1223648226,-0.594885,-0.922978,-0.199987,-0.090363,-0.709079,-0.034272,-0.471395,-0.593513,-0.208649
1223648231,-0.594885,-0.922978,-0.199987,-0.090363,-0.707340,-0.034272,-0.471395,-0.587968,-0.208649
1223648240,-0.594885,-0.922978,-0.199987,-0.090363,-0.708209,-0.034272,-0.471395,-0.587844,-0.208649
1223648244,-0.594885,-0.922978,-0.199987,-0.090363,-0.707050,-0.034272,-0.471395,-0.589200,-0.208649
1223648249,-0.594885,-0.922978,-0.199987,-0.090363,-0.707919,-0.034272,-0.471395,-0.588460,-0.208649
1223648253,-0.594885,-0.922978,-0.199987,-0.090363,-0.707919,-0.034272,-0.471395,-0.588091,-0.208649
1223648258,-0.594885,-0.922978,-0.199987,-0.090363,-0.706470,-0.034272,-0.471395,-0.589323,-0.208649
1223648267,-0.594885,-0.922978,-0.199987,-0.090363,-0.706760,-0.034272,-0.471395,-0.588214,-0.208649
1223648271,-0.594885,-0.922978,-0.199987,-0.090363,-0.707050,-0.034272,-0.471395,-0.587721,-0.208649
