timestamp,sensor_02,sensor_03,sensor_04,sensor_05,sensor_10,sensor_11,sensor_12,sensor_38,sensor_41,sensor_42
1527192840,0.308818,0.588777,0.222271,-0.209060,1.347662,-0.262496,0.205684,0.363459,0.012044,0.122455
1527192900,0.344245,0.588777,0.342167,-0.138021,1.111650,-0.255062,0.289604,0.336100,-0.028676,0.122456
1527192960,0.308818,0.588777,0.219382,-0.228431,1.101512,-0.247627,0.332945,0.418176,-0.069395,0.122456
1527193020,0.308818,0.588777,0.138488,-0.136453,1.060528,-0.246608,0.367261,0.582329,-0.069395,0.122456
1527193080,0.308818,0.608000,0.138488,-0.268391,1.077749,-0.203647,0.303683,0.719122,-0.069395,0.122456
1527193140,0.344245,0.608000,0.210715,-0.218436,1.072019,-0.265180,0.263173,0.855916,-0.069395,0.122455
1527193200,0.344245,0.608000,0.298831,-0.310199,0.941776,-0.304431,0.221581,0.828557,-0.110115,0.088359
1527193260,0.308818,0.608000,0.147155,-0.246148,0.963500,-0.334907,0.274327,0.746481,-0.191555,0.020167
1527193320,0.308818,0.588777,0.301721,-0.155362,0.825632,-0.347146,0.337557,0.500252,-0.232275,-0.013929
1527193380,0.308818,0.588777,0.285831,-0.131859,0.795152,-0.341689,0.249602,0.336100,-0.272995,-0.013928
1527193440,0.308818,0.588777,0.306054,0.013437,0.706133,-0.348566,0.265455,0.336100,-0.313714,-0.013929
1527193500,0.308818,0.588777,0.152934,-0.108421,0.701764,-0.307514,0.234932,0.445535,-0.272995,0.020167
1527193560,0.308818,0.588777,0.191936,-0.008742,0.682871,-0.282137,0.356251,0.554970,-0.110115,0.020167
1527193620,0.308818,0.588777,0.191936,-0.108093,0.745338,-0.325342,0.427632,0.609688,0.093483,0.088359
1527193680,0.344245,0.569554,0.295943,-0.097527,0.913918,-0.316710,0.522392,0.609688,0.174924,0.088359
1527193740,0.308818,0.569553,0.213604,-0.168327,0.981974,-0.349513,0.603635,0.609688,0.215643,0.122455
1527193800,0.344245,0.569554,0.228049,-0.144229,0.934121,-0.365323,0.636428,0.582329,0.297084,0.122456
1527193860,0.344245,0.531104,0.170268,-0.192562,0.880686,-0.332823,0.595190,0.472893,0.215643,0.122456
1527193920,0.361958,0.531104,0.138488,-0.268079,0.908591,-0.267790,0.587884,0.445535,0.174924,0.122455
1527193980,0.344245,0.531104,0.268497,-0.237302,1.111445,-0.240366,0.495639,0.336100,0.134204,0.088359
1527194040,0.344245,0.511882,0.258385,-0.352789,1.293280,-0.215327,0.441596,0.336100,0.134204,0.088360
1527194100,0.308818,0.511882,0.173156,-0.207545,1.309130,-0.191317,0.391990,0.144589,0.215643,0.088360
1527194160,0.308818,0.511882,0.173156,-0.207545,1.309130,-0.191317,0.391990,0.144589,0.297084,0.088360
1527194220,0.344245,0.492659,0.239605,-0.201382,1.632849,-0.192712,0.306053,0.199307,0.215643,0.088360
1527194280,0.344245,0.492658,0.323390,-0.227198,1.629260,-0.219665,0.236396,0.199307,0.297084,0.088360
1527194340,0.308818,0.492659,0.131266,-0.203077,1.576622,-0.276745,0.170442,0.199307,0.297084,0.088360
1527194400,0.344245,0.473432,0.232382,-0.291617,1.460008,-0.273522,0.137356,0.144589,0.215643,0.088360
1527194460,0.308818,0.473432,0.147155,-0.215481,1.377038,-0.312107,0.102434,0.062513,0.174924,0.088360
1527194520,0.344245,0.434987,0.181824,-0.228150,1.208470,-0.319090,0.087437,0.062513,0.134204,0.088359
1527194580,0.344245,0.434987,0.147155,-0.362993,1.192642,-0.349440,0.132208,0.144589,0.093483,0.020167
1527194640,0.344245,0.415764,0.129822,-0.287039,1.145367,-0.392463,0.134895,0.171948,0.093483,0.020167
1527194700,0.344245,0.415764,0.360947,-0.408332,1.040183,-0.443258,0.180085,0.171948,0.093483,-0.013929
1527194760,0.308818,0.396537,0.134154,-0.255963,1.061841,-0.437464,0.267832,0.171948,0.012044,-0.013928
1527194820,0.344245,0.396538,0.238161,-0.243241,0.926597,-0.427638,0.248137,0.089872,0.012044,-0.013929
1527194880,0.361958,0.396537,0.291609,-0.220028,1.002007,-0.523690,0.299478,0.035155,-0.028676,-0.048024
1527194940,0.344245,0.377314,0.111042,-0.179091,0.913410,-0.498367,0.330526,0.007796,-0.069395,-0.048024
1527195000,0.344245,0.377314,0.213604,-0.304227,1.134937,-0.502810,0.299681,0.035155,-0.110115,-0.082121
1527195060,0.308818,0.338869,0.251161,-0.259460,1.152516,-0.549688,0.365567,0.062513,-0.069395,-0.082120
1527195120,0.308818,0.338869,0.249717,-0.364108,1.211448,-0.559703,0.334500,0.007796,-0.069395,-0.082120
1527195180,0.308818,0.319642,0.200603,-0.360378,1.109364,-0.608981,0.281195,-0.074280,-0.069395,-0.082121
1527195240,0.344245,0.319642,0.190492,-0.395145,1.026929,-0.659206,0.211582,-0.128997,-0.110115,-0.048024
1527195300,0.344245,0.319642,0.203492,-0.334062,0.937796,-0.662628,0.179029,-0.211073,-0.191555,-0.048024
1527195360,0.361958,0.300419,0.307499,-0.470571,0.833444,-0.590882,0.139451,-0.320509,-0.272995,-0.048024
1527195420,0.344245,0.300419,0.157267,-0.481170,0.757402,-0.666472,0.087295,-0.375226,-0.313714,-0.048024
1527195480,0.361958,0.281192,0.212159,-0.499428,0.721756,-0.606298,0.008998,-0.457302,-0.395155,-0.013929
1527195540,0.361958,0.281194,0.034483,-0.612738,0.668311,-0.561582,-0.096235,-0.457302,-0.395155,-0.013929
1527195600,0.344245,0.242747,0.217938,-0.661361,0.542111,-0.484092,-0.118864,-0.320509,-0.313714,-0.013929
1527195660,0.344245,0.242747,0.217938,-0.661361,0.542111,-0.484092,-0.118864,-0.211073,-0.272995,0.020167
1527195720,0.361958,0.242747,0.411505,-0.578061,0.604923,-0.430920,-0.100259,-0.074280,-0.191555,0.020167
1527195780,0.361958,0.242747,0.164490,-0.619320,0.784099,-0.513079,-0.117785,0.089872,-0.069395,0.088359
1527195840,0.308818,0.223524,0.269941,-0.408190,0.823083,-0.531705,-0.113241,0.281383,0.093483,0.020167
1527195900,0.344245,0.223523,0.191936,-0.524530,0.910216,-0.554398,-0.108230,0.363459,0.174924,0.020168
1527195960,0.344245,0.223524,0.360947,-0.414145,0.898812,-0.589820,-0.080838,0.363459,0.215643,0.020168
1527196020,0.308818,0.204297,0.278607,-0.412899,0.737157,-0.633579,-0.089956,0.336100,0.215643,0.020168
1527196080,0.344245,0.204298,0.210715,-0.304796,0.687655,-0.640485,-0.195885,0.281383,0.174924,0.020167
1527196140,0.308818,0.204297,0.204937,-0.271343,0.599860,-0.659159,-0.182185,0.199307,0.134204,-0.013929
1527196200,0.344245,0.185074,0.303165,-0.202812,0.707570,-0.609069,-0.232006,0.089872,0.093483,-0.013928
1527196260,0.698534,0.185074,0.232384,0.006554,0.635778,-0.601764,-0.171820,0.007796,0.012044,-0.013928
1527196320,0.308818,0.185074,0.363836,-0.074811,0.619122,-0.637004,-0.193652,-0.074280,0.012044,-0.013929
1527196380,0.308818,0.146629,0.262717,-0.056139,0.675832,-0.665777,-0.056322,-0.101639,-0.028676,0.020167
1527196440,0.344245,0.146627,0.212159,-0.275487,0.634999,-0.600381,0.032732,-0.128997,-0.028676,0.020167
1527196500,0.308818,0.146629,0.168824,-0.171724,0.728190,-0.551061,0.067540,-0.238432,-0.069395,-0.013929
1527196560,0.627677,0.127402,0.111042,-0.285250,0.704543,-0.532689,0.125178,-0.265791,-0.110115,0.020167
1527196620,0.291101,0.127403,0.076373,-0.290600,0.747373,-0.382847,0.179249,-0.320509,-0.110115,0.020167
1527196680,0.308818,0.127403,0.001259,-0.265782,0.766053,-0.375829,0.237140,-0.238432,-0.069395,0.088359
1527196740,0.308818,0.127402,0.118265,-0.354528,0.867617,-0.325199,0.239639,-0.183715,-0.028676,0.088360
1527196800,0.308818,0.108179,0.186157,-0.285696,1.084972,-0.343726,0.268995,-0.101639,0.012044,0.088360
1527196860,0.308818,0.108179,0.401393,-0.391428,1.063616,-0.328592,0.293163,-0.101639,0.093483,0.088360
1527196920,0.308818,0.108179,0.148600,-0.223322,1.384985,-0.328580,0.302437,-0.183715,0.093483,0.088360
1527196980,0.291101,0.108179,0.164490,-0.337320,1.173444,-0.381034,0.250370,-0.265791,-0.028676,0.088359
1527197040,0.291101,0.108179,0.147155,-0.302376,1.118317,-0.428224,0.230974,-0.320509,-0.069395,0.020167
1527197100,0.344245,0.108179,0.336390,-0.378471,1.066836,-0.451876,0.158667,-0.238432,-0.110115,0.020167
1527197160,0.716247,0.088956,0.171712,-0.423388,1.083637,-0.481114,0.147757,-0.046921,-0.028676,0.088359
1527197220,0.291101,0.088954,0.131808,-0.466312,1.127293,-0.486597,0.100448,0.171948,0.134204,0.088359
1527197280,0.291101,0.088954,0.251161,-0.513896,1.330096,-0.433924,0.222377,0.308741,0.297084,0.122455
1527197340,0.308818,0.088954,0.206383,-0.520233,1.342841,-0.461069,0.213781,0.336100,0.378523,0.122455
1527197400,0.308818,0.088954,0.317610,-0.629279,1.532906,-0.425806,0.295614,0.336100,0.378523,0.156552
1527197460,0.291101,0.088954,0.197715,-0.677722,1.359938,-0.280345,0.349332,0.281383,0.297084,0.122455
1527197520,0.308818,0.088954,0.152934,-0.799899,1.250250,-0.255178,0.377309,0.199307,0.215643,0.156552
1527197580,0.308818,0.088954,0.165935,-0.722605,1.222060,-0.245183,0.412933,0.144589,0.174924,0.122455
1527197640,0.291101,0.088956,0.145710,-0.838853,1.102445,-0.295017,0.421422,0.035155,0.134204,0.122455
1527197700,0.291101,0.108179,0.306054,-0.844959,1.066848,-0.346172,0.410167,-0.046921,0.134204,0.088359
1527197760,0.273388,0.108179,0.320499,-0.855274,0.940808,-0.431013,0.312546,-0.074280,0.093483,0.088360
1527197820,0.291101,0.108179,0.285831,-0.876158,0.921275,-0.506123,0.249995,-0.074280,0.012044,0.088360
1527197880,0.273388,0.108179,0.212159,-0.803334,0.906703,-0.560329,0.094180,-0.074280,0.093483,0.088359
1527197940,0.273388,0.108179,0.255496,-0.871504,1.107727,-0.588214,0.043024,-0.101639,0.093483,0.020167
1527198000,0.308818,0.108179,0.178936,-0.820538,1.268056,-0.645423,-0.000419,-0.074280,0.093483,0.088359
1527198060,0.291101,0.108179,0.316166,-0.968519,1.493941,-0.645170,-0.056152,0.007796,0.134204,0.122455
1527198120,0.273388,0.108179,0.287275,-0.894739,1.516569,-0.686937,-0.069931,0.035155,0.134204,0.258840
1527198180,0.291101,0.108179,0.181824,-0.947192,1.533682,-0.659376,-0.054400,0.007796,0.134204,0.258840
1527198240,0.273388,0.108179,0.053261,-0.930242,1.359311,-0.660529,0.023728,-0.046921,0.093483,0.258840
1527198300,0.291101,0.127402,0.246829,-0.870754,1.176380,-0.673028,0.178366,-0.046921,0.012044,0.190647
1527198360,0.273388,0.127403,0.262717,-0.708371,1.130890,-0.729382,0.184290,0.007796,0.093483,0.122455
1527198420,0.291101,0.127402,0.202048,-0.630101,1.229724,-0.640376,0.202859,0.035155,0.215643,0.122455
1527198480,0.273388,0.108179,0.281497,-0.680141,1.310340,-0.608610,0.199912,0.062513,0.215643,0.088359
1527198540,0.273388,0.108179,0.148600,-0.423633,1.406537,-0.586719,0.158395,0.035155,0.174924,0.020167
1527198600,0.273388,0.108179,0.228049,-0.548209,1.286638,-0.492988,0.145194,-0.046921,0.174924,-0.013929
1527198660,0.273388,0.108179,0.300275,-0.222316,1.197117,-0.406242,0.056069,-0.101639,0.134204,-0.013928
1527198720,0.291101,0.108179,0.229494,-0.294825,0.990524,-0.351455,0.104635,-0.101639,0.012044,-0.013928
1527198780,0.255675,0.108179,0.281497,-0.241245,0.758731,-0.363489,0.081293,-0.101639,0.012044,-0.013929
1527198840,0.273388,0.108179,0.155823,-0.262206,0.643615,-0.364027,0.056558,-0.046921,-0.028676,0.020167
1527198900,0.273388,0.108179,0.155823,-0.262206,0.643615,-0.364027,0.056558,0.089872,0.093483,0.020168
1527198960,0.291101,0.088956,0.190492,-0.295283,1.118430,-0.396646,0.015171,0.418176,0.297084,0.020168
1527199020,0.273388,0.088954,0.265607,-0.419935,1.322209,-0.446800,-0.081520,0.719122,0.582121,0.020168
1527199080,0.273388,0.088954,0.291609,-0.420127,1.549910,-0.509453,-0.163292,0.910633,0.785722,-0.013929
1527199140,0.273388,0.088954,0.199159,-0.739272,1.465557,-0.513778,-0.211843,0.910633,0.785722,-0.013929
1527199200,0.291101,0.050506,0.298831,-0.862339,1.387371,-0.508946,-0.029432,0.883274,0.704281,-0.013928
1527199260,0.291101,0.050506,0.298831,-0.862339,1.387371,-0.508946,-0.029432,0.773840,0.541403,-0.013929
1527199320,0.273388,0.050507,0.246829,-0.809054,1.350372,-0.514562,0.008424,0.719122,0.419243,0.088359
1527199380,0.255675,0.050507,0.190492,-0.871135,1.205578,-0.488331,0.063124,0.691764,0.337802,0.122455
1527199440,0.273388,0.050506,0.067706,-0.860416,1.298894,-0.410366,0.194388,0.609688,0.297084,0.122455
1527199500,0.291101,0.031284,0.239605,-0.791777,1.260142,-0.306878,0.320828,0.554970,0.215643,0.088359
1527199560,0.273388,0.031283,0.161600,-0.943698,1.326043,-0.320927,0.291293,0.418176,0.174924,0.020167
1527199620,0.273388,0.031284,0.160156,-0.855392,1.310764,-0.326140,0.393001,0.281383,0.093483,0.020167
1527199680,0.273388,0.012057,0.310387,-0.962441,1.254928,-0.362688,0.480124,0.171948,-0.028676,-0.013929
1527199740,0.273388,0.012059,0.284386,-0.776919,1.045275,-0.312417,0.502737,0.089872,-0.110115,-0.013928
1527199800,0.273388,0.012059,0.168824,-0.841607,0.920268,-0.188304,0.514666,0.007796,-0.110115,-0.013928
1527199860,0.255675,0.012059,0.197713,-0.713479,0.839690,-0.153660,0.446068,-0.074280,-0.191555,-0.013928
1527199920,0.255675,0.012057,0.235272,-0.727811,0.886345,-0.156946,0.375923,-0.183715,-0.191555,-0.013928
1527199980,0.521389,-0.007162,0.262717,-0.741998,0.860374,-0.000224,0.398572,-0.238432,-0.191555,-0.013928
1527200040,0.255675,-0.007164,0.256941,-0.704326,0.809088,0.023128,0.311904,-0.265791,-0.191555,-0.013928
1527200100,0.255675,-0.007164,0.330611,-0.834589,0.850852,-0.025386,0.185698,-0.265791,-0.191555,-0.013928
1527200160,0.645390,-0.007164,0.314722,-0.753246,0.860285,-0.132241,0.139479,-0.211073,-0.232275,-0.013928
1527200220,0.255675,-0.007164,0.244878,-0.988340,0.841249,-0.097031,0.081852,-0.211073,-0.272995,-0.013929
1527200280,0.255675,-0.007162,0.167380,-0.817213,0.727504,-0.147000,0.108144,-0.211073,-0.313714,-0.048024
1527200340,0.716247,-0.045611,0.229494,-0.875662,0.620052,-0.162823,0.193991,-0.238432,-0.313714,-0.048024
1527200400,0.627677,-0.045612,0.106707,-0.755282,0.687058,-0.112108,0.203252,-0.265791,-0.313714,-0.013929
1527200460,0.273388,-0.045612,0.126933,-0.774509,0.722920,-0.186401,0.186797,-0.074280,-0.313714,-0.013928
1527200520,0.273388,-0.045612,0.297387,-0.714224,0.911182,-0.252154,0.273839,0.281383,-0.272995,-0.013928
1527200580,0.273388,-0.045612,0.236717,-0.603055,1.196855,-0.271331,0.350666,0.746481,-0.069395,-0.013928
1527200640,0.273388,-0.045612,0.161600,-0.603818,1.272059,-0.323627,0.437107,1.238937,0.174924,-0.013928
1527200700,0.273388,-0.045612,0.216493,-0.451026,1.228305,-0.288741,0.468200,1.567242,0.378523,-0.013928
1527200760,0.273388,-0.045612,0.131266,-0.552023,1.194497,-0.314792,0.495870,1.813470,0.541403,-0.013928
1527200820,0.255675,-0.045612,0.314722,-0.307064,1.312953,-0.372388,0.551912,1.840829,0.582121,-0.013928
1527200880,0.220244,-0.045612,0.196271,-0.425918,1.283281,-0.482698,0.608590,1.840829,0.582121,-0.013928
1527200940,0.344245,-0.045612,0.267051,-0.178717,1.180962,-0.499739,0.559292,1.539883,0.378523,-0.013929
1527201000,0.344245,-0.045612,0.267051,-0.178717,1.180962,-0.499739,0.559292,1.430449,0.297084,0.020167
1527201060,0.432815,-0.045612,0.168824,-0.373587,0.955940,-0.576893,0.454821,1.375731,0.215643,0.020168
1527201120,0.255675,-0.045612,0.219382,-0.142193,0.980483,-0.636869,0.341439,1.321014,0.215643,0.020167
1527201180,0.255673,-0.045612,0.142822,-0.005204,1.040563,-0.627511,0.272155,1.321014,0.297084,0.088359
1527201240,0.255673,-0.045611,0.173156,0.218848,1.122788,-0.642407,0.245685,1.321014,0.337802,0.088359
1527201300,0.255673,-0.045612,0.092263,-0.179849,1.228219,-0.590156,0.107594,1.266296,0.378523,0.122456
1527201360,0.255673,-0.045612,0.193380,-0.163199,1.181811,-0.568916,0.036742,1.156861,0.419243,0.156552
1527201420,0.255675,-0.045612,0.103819,-0.317695,1.310109,-0.585995,0.090250,0.992709,0.378523,0.156552
1527201480,0.220244,-0.045611,0.190998,-0.214548,1.415390,-0.514464,0.137698,0.828557,0.297084,0.122455
1527201540,0.220244,-0.007162,0.171712,-0.258235,1.374178,-0.556907,0.090834,0.637046,0.215643,0.122455
1527201600,0.255675,-0.007164,0.210715,-0.284396,1.351561,-0.561274,0.139222,0.472893,0.134204,0.088359
1527201660,0.220244,-0.007164,0.291609,-0.337238,1.177782,-0.527753,0.124916,0.281383,0.012044,0.020167
1527201720,0.273388,-0.007164,0.222271,-0.489021,1.241623,-0.483718,0.111023,0.144589,-0.069395,0.020168
1527201780,0.220244,-0.007162,0.183268,-0.396310,1.247680,-0.477099,0.145493,0.007796,-0.110115,0.020167
1527201840,0.255675,0.012057,0.268497,-0.545292,1.323931,-0.482586,0.161679,-0.101639,-0.191555,0.088359
1527201900,0.255675,0.012059,0.360947,-0.469272,1.531613,-0.439545,0.089661,-0.183715,-0.232275,0.088360
1527201960,0.220244,0.012059,0.197715,-0.545853,1.450326,-0.377149,0.080581,-0.238432,-0.272995,0.088359
1527202020,0.220244,0.012057,0.180380,-0.535646,1.414573,-0.353051,0.052036,-0.265791,-0.313714,0.020167
1527202080,0.379675,0.031284,0.304610,-0.651302,1.315886,-0.189919,0.040920,-0.128997,-0.313714,0.020167
1527202140,0.255675,0.031283,0.258385,-0.623759,1.108225,-0.104181,0.118481,0.035155,-0.272995,-0.013929
1527202200,0.220244,0.031283,0.090819,-0.711522,1.138121,-0.102657,0.206640,0.089872,-0.191555,0.020167
1527202260,0.220245,0.031283,0.189047,-0.636888,1.088079,-0.094787,0.254713,0.171948,-0.110115,0.156552
1527202320,0.220244,0.031283,0.204937,-0.543305,1.111738,-0.138671,0.318844,0.171948,-0.110115,0.156552
1527202380,0.521389,0.031284,0.199159,-0.690404,1.445625,-0.134068,0.410802,0.089872,-0.191555,0.122456
1527202440,0.220244,0.050506,0.157267,-0.534676,1.414984,-0.141227,0.369840,0.007796,-0.232275,0.088359
1527202500,0.202531,0.050507,0.215049,-0.596091,1.333000,-0.100517,0.390394,-0.046921,-0.232275,0.088359
1527202560,0.202531,0.050507,0.226605,-0.568700,1.154060,-0.139058,0.366911,-0.101639,-0.232275,0.020167
1527202620,0.184814,0.050507,0.150044,-0.623063,0.907658,-0.176977,0.253041,-0.074280,-0.232275,-0.013929
1527202680,0.202531,0.050507,0.180380,-0.595139,0.753323,-0.262520,0.197205,0.007796,-0.110115,-0.048024
1527202740,0.184814,0.050507,0.147155,-0.685253,0.805643,-0.370612,0.190372,0.007796,-0.110115,-0.048024
1527202800,0.202531,0.088956,0.207827,-0.498719,1.139694,-0.539431,0.291772,0.007796,-0.110115,-0.048024
1527202860,0.202531,0.088956,0.207827,-0.498719,1.139694,-0.539431,0.291772,-0.074280,-0.110115,-0.048024
1527202920,0.202531,0.088954,0.223716,-0.610754,1.252533,-0.551359,0.339263,-0.101639,-0.110115,-0.048024
1527202980,0.167100,0.088954,0.294498,-0.471589,1.438292,-0.556976,0.365375,-0.074280,-0.028676,-0.013929
1527203040,0.202531,0.088954,0.129822,-0.244447,1.504532,-0.551490,0.260708,-0.046921,0.134204,0.020167
1527203100,0.202531,0.088954,0.118265,-0.104949,1.581716,-0.483023,0.231673,0.007796,0.297084,0.088359
1527203160,0.184814,0.088954,0.327722,-0.226303,1.852646,-0.490841,0.302813,-0.046921,0.337802,0.088360
1527203220,0.202531,0.088956,0.255496,-0.296306,1.929876,-0.567087,0.329225,-0.074280,0.337802,0.088359
1527203280,0.184814,0.108179,0.284387,-0.295093,1.677907,-0.573750,0.421341,-0.128997,0.297084,0.020167
1527203340,0.184814,0.108179,0.135599,-0.219654,1.804211,-0.591018,0.463022,-0.211073,0.174924,0.020167
1527203400,0.184814,0.108179,0.238161,-0.193075,1.731280,-0.608230,0.439751,-0.211073,0.093483,-0.013929
1527203460,0.184814,0.108179,0.233828,-0.255364,1.463885,-0.618370,0.348267,-0.238432,-0.028676,-0.013929
1527203520,0.167100,0.108179,0.249717,-0.086418,1.431467,-0.654105,0.248125,-0.320509,-0.069395,-0.048024
1527203580,0.167100,0.108179,0.248273,-0.282972,1.253439,-0.646382,0.129859,-0.375226,-0.110115,-0.048024
1527203640,0.167100,0.108179,0.272829,-0.392229,1.031670,-0.606800,0.055323,-0.402585,-0.232275,-0.048024
1527203700,0.184814,0.108179,0.202084,-0.582340,0.990947,-0.641735,-0.041940,-0.402585,-0.272995,-0.048024
1527203760,0.184814,0.108179,0.223715,-0.566245,1.103750,-0.377595,-0.075983,-0.375226,-0.272995,-0.082121
1527203820,0.184814,0.108179,0.137044,-0.548435,1.074744,-0.062002,0.009774,-0.265791,-0.272995,-0.082120
1527203880,0.167100,0.108179,0.110428,-0.500855,1.087113,0.031468,0.099154,-0.183715,-0.232275,-0.082120
1527203940,0.167100,0.108179,0.215049,-0.348855,1.265432,-0.025189,0.188664,-0.128997,-0.069395,-0.082120
1527204000,0.167100,0.088956,0.232382,-0.592308,1.611286,0.102477,0.196173,-0.101639,-0.028676,-0.082120
1527204060,0.167100,0.088954,0.269941,-0.452196,1.524726,0.141331,0.252709,-0.101639,-0.028676,-0.082120
1527204120,0.167100,0.088954,0.389836,-0.609866,1.473678,0.166939,0.333473,-0.128997,-0.069395,-0.082121
1527204180,0.184814,0.088954,0.232382,-0.575680,1.471164,0.115577,0.352897,-0.211073,-0.069395,-0.150312
1527204240,0.184814,0.088954,0.093708,-0.709636,1.416546,0.167594,0.236275,-0.265791,-0.110115,-0.150312
1527204300,0.432815,0.088956,0.212159,-0.717292,1.465942,0.245605,0.186644,-0.320509,-0.191555,-0.150312
1527204360,0.202531,0.050506,0.202048,-0.724708,1.498549,0.200567,0.021419,-0.347868,-0.232275,-0.150312
1527204420,0.184814,0.050507,0.103819,-0.843157,1.472156,0.162431,-0.026877,-0.375226,-0.272995,-0.150312
1527204480,0.167100,0.050507,0.288719,-0.742193,1.443911,0.254363,0.016680,-0.375226,-0.272995,-0.150312
1527204540,0.450532,0.050507,0.225161,-0.849543,1.485984,0.212573,0.185325,-0.457302,-0.313714,-0.184409
1527204600,0.450532,0.050506,0.225161,-0.849543,1.485984,0.212573,0.185325,-0.484661,-0.395155,-0.184408
1527204660,0.202531,0.031284,0.241050,-0.860858,1.327652,0.162521,0.583909,-0.539378,-0.395155,-0.184408
1527204720,0.184814,0.031283,0.161600,-0.878578,1.350530,0.056780,0.607845,-0.621454,-0.435874,-0.184408
1527204780,0.184814,0.031284,0.212159,-0.901418,1.285606,-0.022999,0.693938,-0.594096,-0.435874,-0.184408
1527204840,0.167100,0.012057,0.223716,-0.914783,1.384177,-0.012762,0.771067,-0.594096,-0.395155,-0.184409
1527204900,0.167100,0.012059,0.232382,-0.866836,1.368100,-0.029113,0.734324,-0.484661,-0.313714,-0.150312
1527204960,0.167100,0.012059,0.248273,-0.839358,1.705256,-0.079403,0.730055,-0.347868,-0.272995,-0.150312
1527205020,0.184814,0.012057,0.275719,-0.825101,1.743437,-0.112920,0.777693,-0.238432,-0.069395,-0.150312
1527205080,0.184814,-0.007162,0.177491,-0.873466,1.798654,-0.186821,0.779709,-0.183715,0.012044,-0.150312
1527205140,0.184814,-0.007164,0.118987,-0.788623,1.781719,-0.257064,0.767474,-0.183715,0.012044,-0.150312
1527205200,0.202531,-0.007164,0.207827,-0.565765,1.988174,-0.345522,0.789250,-0.211073,0.012044,-0.150312
1527205260,0.184814,-0.007162,0.254052,-0.377627,1.892333,-0.354258,0.826687,-0.238432,0.012044,-0.150312
1527205320,0.184814,-0.045611,0.267051,-0.397029,1.651320,-0.422391,0.923515,-0.265791,-0.069395,-0.150312
1527205380,0.184814,-0.045612,0.277163,-0.464911,1.529079,-0.475122,0.814995,-0.265791,-0.069395,-0.150312
1527205440,0.220244,-0.045612,0.153945,-0.372902,1.632704,-0.541809,0.761093,-0.320509,-0.191555,-0.184409
1527205500,0.220244,-0.045612,0.153945,-0.372902,1.632704,-0.541809,0.761093,-0.211073,-0.191555,-0.184408
1527205560,0.202531,-0.045611,0.193380,-0.389277,1.619050,-0.527781,0.695385,-0.046921,-0.069395,-0.184408
1527205620,0.202531,-0.064838,0.147155,-0.537958,1.543550,-0.527614,0.752071,0.089872,0.012044,-0.184409
1527205680,0.220244,-0.064837,0.170304,-0.464572,1.660389,-0.559259,0.754772,0.226665,0.134204,-0.150312
1527205740,0.202531,-0.064838,0.472175,-0.711024,1.515935,-0.633213,0.788019,0.336100,0.174924,-0.150312
1527205800,0.202531,-0.084061,0.363836,-0.696451,1.647526,-0.565387,0.669759,0.308741,0.174924,-0.150312
1527205860,0.202531,-0.084061,0.171712,-0.834273,1.422816,-0.578889,0.633244,0.281383,0.174924,-0.082121
1527205920,0.220244,-0.084061,0.170268,-0.805763,1.425005,-0.581942,0.531930,0.281383,0.174924,-0.082121
1527205980,0.220244,-0.084061,0.046039,-0.877690,1.481422,-0.624410,0.434274,0.199307,0.215643,-0.048024
1527206040,0.202531,-0.084061,0.242494,-0.979699,1.387669,-0.655909,0.323156,0.171948,0.297084,-0.048024
1527206100,0.255675,-0.103284,0.255496,-0.919645,1.585688,-0.650327,0.147883,0.171948,0.215643,-0.048024
1527206160,0.220244,-0.103284,0.320499,-1.022147,1.535459,-0.574927,-0.038892,0.171948,0.215643,-0.013929
1527206220,0.255675,-0.103284,0.186157,-0.940200,1.414325,-0.472617,-0.169528,0.089872,0.215643,0.020167
1527206280,0.255675,-0.141734,0.320499,-0.994439,1.350238,-0.394129,-0.111079,-0.074280,0.134204,0.020167
1527206340,0.273388,-0.141732,0.206381,-0.983811,1.657193,-0.357574,-0.039590,-0.074280,0.134204,0.020167
1527206400,0.273388,-0.141732,0.345056,-1.087903,1.296038,-0.187792,-0.132492,-0.101639,0.093483,0.020167
1527206460,0.273388,-0.141732,0.345056,-1.087903,1.296038,-0.187792,-0.132492,-0.128997,0.093483,-0.013929
1527206520,0.450532,-0.141732,0.287275,-0.991000,1.337311,-0.248393,-0.120749,-0.183715,0.093483,-0.013929
1527206580,0.255675,-0.141734,0.083596,-0.876975,1.387924,-0.206159,-0.056565,-0.183715,0.093483,-0.048024
1527206640,0.255675,-0.160956,0.284387,-0.757875,1.458572,-0.121118,0.025185,-0.211073,0.012044,-0.082121
1527206700,0.291101,-0.160956,0.337834,-0.948515,1.335979,-0.114530,0.042403,-0.238432,-0.069395,-0.082121
1527206760,0.255675,-0.160956,0.074929,-0.909376,1.305630,-0.134982,-0.021113,-0.320509,-0.069395,-0.150312
1527206820,0.645390,-0.160956,0.203492,-1.191138,1.284766,-0.113399,-0.019714,-0.347868,-0.110115,-0.150312
1527206880,0.255675,-0.180179,0.158712,-1.148022,1.204730,-0.203260,-0.066970,-0.320509,-0.110115,-0.150312
1527206940,0.273388,-0.180179,0.333428,-1.237003,1.267477,-0.182988,-0.017654,-0.265791,-0.069395,-0.150312
1527207000,0.468246,-0.180179,0.199159,-1.175976,1.049502,-0.167622,0.066426,-0.238432,-0.028676,-0.150312
1527207060,0.273388,-0.180179,0.200603,-1.052299,0.977124,-0.165376,0.163335,-0.211073,-0.028676,-0.082121
1527207120,0.255675,-0.180179,0.141378,-0.747447,0.936840,-0.171532,0.196663,1.020068,0.093483,0.020167
1527207180,0.291101,-0.199402,0.256941,-0.566144,0.876653,-0.087100,0.225690,4.385188,0.500682,0.258840
1527207240,0.273388,-0.199403,0.248273,-0.635805,0.841158,-0.202759,0.283949,8.653146,1.844437,0.531608
1527207300,0.291102,-0.199403,0.303166,-0.479968,0.815335,-0.316048,0.305813,12.729594,4.979864,1.145336
1527207360,0.308818,-0.199403,0.022927,-0.652611,-2.800493,-0.326404,0.221086,17.325856,9.744085,2.372792
1527207420,0.291101,-0.199403,0.332056,-0.531073,-3.123749,-0.326531,0.281910,21.703251,14.386153,4.418553
1527207480,0.291102,-0.199402,0.242494,-0.701504,-3.704786,-0.489074,0.285459,21.703251,14.386153,4.418553
1527207540,0.291102,-0.237851,0.298831,-0.683715,-2.897040,-0.490727,0.170433,28.898581,20.371962,7.078041
1527207600,0.291101,-0.237852,0.202048,-0.860677,-1.905780,-0.432418,0.189870,31.908045,22.326514,9.123798
1527207660,0.308818,-0.237852,0.295943,-0.949796,-1.734396,-0.417421,0.113886,34.507123,24.525385,11.544617
1527207720,0.308817,-0.237852,0.298831,-0.767912,-1.842878,-0.508181,-0.003405,35.902412,26.439220,13.829047
1527207780,0.308817,-0.237852,0.298831,-0.767912,-1.842878,-0.508181,-0.003405,36.394868,27.620098,15.806620
1527207840,0.308818,-0.237851,0.067706,-0.858397,-1.810306,-0.286989,-0.001211,37.024120,28.027286,17.204559
1527207900,0.291101,-0.257074,0.113931,-1.021040,-1.637246,-0.270293,-0.023014,37.626005,28.434490,17.886474
1527207960,0.291102,-0.257076,-0.137417,-0.856119,-1.655374,-0.152402,0.005391,37.489220,28.678809,18.091050
1527208020,0.291102,-0.257076,-0.013188,-0.890433,-1.717468,-0.112418,-0.056738,36.340155,27.701533,17.579617
1527208080,0.291102,-0.257076,-0.000186,-1.102506,-1.731941,-0.079566,-0.045862,35.984493,27.009293,17.306840
1527208140,0.291102,-0.257076,-0.079635,-1.041871,-1.770760,-0.027914,0.048183,35.355241,27.497931,17.988769
1527208200,0.291102,-0.257076,-0.029077,-1.013728,-1.823212,-0.057947,0.152092,34.808060,27.701533,18.500203
1527208260,0.291102,-0.257076,-0.034856,-1.292981,-1.900883,-0.064303,0.045084,35.464669,27.416497,18.909355
1527208320,0.291101,-0.257076,-0.161975,0.332065,-2.220059,-0.043621,0.122419,36.039207,26.764974,18.875261
1527208380,0.255675,-0.257074,-2.114982,1.646443,-4.593263,-4.053688,-2.762829,36.066564,25.258342,17.818287
1527208440,0.291101,-0.237851,-7.630457,1.867723,-5.228193,-3.137369,-1.270065,36.148645,24.443951,17.136371
1527208500,0.273388,-0.237852,-7.627062,1.585936,-5.222102,-2.067623,-0.417454,36.586378,23.833145,16.659018
1527208560,0.273388,-0.237852,-7.627062,-3.483203,-5.260723,-3.658112,-2.354332,36.859968,23.344507,16.283960
1527208620,0.202531,-0.237851,-7.628507,-6.745899,-4.023872,-3.469086,-1.390801,36.996763,22.815152,15.943008
1527208680,0.184814,-0.199402,-7.627062,-7.246173,-3.395050,-2.559535,-0.358283,37.024120,22.367231,15.636138
1527208740,0.184814,-0.180179,-7.628507,-7.322881,-3.189742,-2.058620,0.143569,37.106191,21.919326,15.363374
1527208800,0.167100,-0.160956,-7.625618,-7.334642,-3.296535,-1.971568,0.192392,36.695816,21.552840,15.022410
1527208860,0.202531,-0.141734,-7.627062,-7.336446,-3.352530,-1.973813,-0.062706,36.176002,21.145636,14.783740
1527208920,0.202530,-0.103284,-7.628507,-7.336722,-3.400316,-2.243604,-0.684504,35.875055,20.779165,14.510976
1527208980,0.202531,-0.084061,-7.628507,-7.336773,-3.483313,-2.932822,-2.294848,35.382598,20.453412,14.238199
1527209040,0.220244,-0.045612,-7.628507,-7.336773,-3.554222,-3.473220,-2.345846,34.890142,20.086925,13.931342
1527209100,0.220244,-0.007162,-7.628507,-7.336773,-3.582782,-3.613653,-2.341943,34.233533,19.761172,13.624471
1527209160,0.255675,0.012057,-7.628507,-7.336773,-3.586896,-3.558771,-2.320920,33.741076,19.435403,13.317614
1527209220,0.220244,0.031283,-7.628507,-7.336773,-3.591731,-3.430668,-2.273806,33.193906,19.109649,13.078944
1527209280,0.220245,0.050506,-7.628507,-7.336773,-3.582781,-3.407491,-2.304435,32.619368,18.743179,12.737979
1527209340,0.220244,0.088956,-7.628507,-7.336773,-3.589156,-3.429135,-2.367254,32.044840,18.458127,12.465216
1527209400,0.273388,0.108179,-7.628507,-7.336773,-3.606503,-3.511642,-2.447385,31.552384,18.132373,12.192439
1527209460,0.255675,0.127403,-7.628507,-7.336773,-3.624512,-3.551233,-2.512429,31.224079,17.888054,12.021957
1527209520,0.273388,0.146629,-7.628507,-7.336773,-3.624965,-3.610006,-2.565550,29.473119,18.539577,12.362921
1527209580,0.273388,0.127403,-7.628507,-7.336773,-3.624178,-3.645171,-2.634570,26.299513,19.924041,12.874368
1527209640,0.273388,0.108179,-7.628507,-7.336773,-3.646369,-3.797005,-2.701202,23.344773,20.371962,12.942555
1527209700,0.220244,0.088956,-7.628507,-7.336773,-3.636664,-4.004821,-2.805708,19.076806,17.928771,11.612804
1527209760,0.167100,0.050506,-7.628507,-7.336773,-3.606496,-4.176420,-2.901477,19.076806,17.928771,11.612804
1527209820,0.184814,0.031284,-7.628507,-7.336773,-3.436044,-4.346352,-3.001695,17.681517,16.503574,11.067277
1527209880,0.184814,0.031284,-7.628507,-7.336773,-3.539604,-4.495839,-3.035984,16.368299,15.241262,10.692219
1527209940,0.167100,0.012057,-7.628507,-7.336773,-3.767558,-4.662095,-3.028912,15.109796,14.060384,10.521736
1527210000,0.167100,-0.007162,-7.628507,-7.336773,-4.188650,-4.825632,-3.202551,14.015455,13.001673,10.010303
1527210060,0.167100,-0.007162,-7.628507,-7.336773,-4.188650,-4.825632,-3.202551,13.194694,12.105832,9.396575
1527210120,0.131674,-0.007164,-7.625618,-7.336773,-4.420059,-4.778023,-3.166731,12.264494,11.291440,8.885128
1527210180,0.167100,-0.007162,-7.628507,-7.336773,-4.645376,-4.707505,-3.161255,11.662599,10.599200,8.612364
1527210240,0.113957,-0.045611,-7.628507,-7.336773,-4.834672,-4.609723,-3.205820,11.635242,10.191997,8.305498
1527210300,0.113957,-0.045611,-7.628507,-7.336773,-5.017645,-4.517406,-3.263191,11.525815,10.354881,8.032730
1527210360,0.131674,-0.064838,-5.854622,-7.336773,-5.110452,-4.386621,-3.334854,11.252224,10.191997,7.759961
1527210420,0.113957,-0.064837,-5.125133,-7.336773,-5.298817,-4.337931,-3.422643,10.732410,9.499766,7.453097
1527210480,0.096243,-0.064838,-5.142468,-7.336773,-5.371544,-4.387617,-3.549967,10.705054,9.133288,7.316714
1527210540,0.096243,-0.084061,-5.126578,-7.336773,-5.866237,-5.205843,-4.239737,10.349382,9.459047,7.623578
1527210600,0.113957,-0.084061,-5.129467,-7.336773,-5.900055,-5.150435,-4.242625,9.939006,9.703366,7.964537
1527210660,0.096243,-0.084061,-5.129467,-7.336773,-5.900055,-5.081050,-4.242625,9.638059,9.540487,8.271401
1527210720,0.078530,-0.103284,-5.110688,-7.336773,-5.813419,-5.005082,-4.204328,9.227684,9.174008,8.441882
1527210780,0.043100,-0.103284,-5.175692,-7.336773,-5.712781,-4.988252,-4.147724,9.473907,8.929689,8.339594
1527210840,0.096243,-0.141734,-5.149690,-7.336773,-5.761986,-4.828988,-4.136178,10.048445,9.092569,8.373689
1527210900,0.078530,-0.141732,-5.146801,-7.336773,-5.739918,-4.842020,-4.136917,9.856925,9.499766,8.271401
1527210960,0.025386,-0.141732,-5.151135,-7.336773,-5.769797,-4.853632,-4.154127,9.747497,9.866245,8.135018
1527211020,0.025386,-0.141732,-5.097687,-7.336773,-5.780876,-4.906069,-4.152569,9.446550,9.906965,7.862249
1527211080,0.043100,-0.141734,-5.143912,-7.336773,-5.725444,-4.898988,-4.183246,9.118245,9.784806,7.589481
1527211140,0.043100,-0.160956,-5.119355,-7.336773,-5.736370,-4.936515,-4.206786,8.954093,9.581207,7.282617
1527211200,0.025386,-0.160956,-5.146801,-7.336773,-5.741187,-4.911176,-4.238187,9.172959,9.377607,7.009850
1527211260,0.007673,-0.160956,-5.151135,-7.336773,-5.760376,-4.925101,-4.242530,9.856925,9.459047,6.805274
1527211320,0.025386,-0.160956,-5.143912,-7.336773,-5.762488,-4.898897,-4.231775,10.157873,9.784806,6.634793
1527211380,0.025386,-0.160956,-5.143912,-7.336773,-5.764174,-4.911491,-4.208308,10.431463,9.988404,6.498410
1527211440,0.007673,-0.180179,-5.161247,-7.336773,-5.756442,-4.913533,-4.204677,10.568258,10.110562,6.327929
1527211500,-0.010040,-0.160956,-5.161247,-7.336773,-5.754684,-4.885018,-4.207313,10.294668,10.069845,6.157449
1527211560,-0.010040,-0.180179,-5.148246,-7.336773,-5.733056,-4.948674,-4.241718,10.021077,9.866245,5.952873
1527211620,-0.010040,-0.180179,-5.139579,-7.336773,-5.745597,-4.906892,-4.166704,10.130516,9.662646,5.816489
1527211680,-0.010040,-0.160956,-5.156913,-7.336773,-5.765346,-4.919312,-4.184416,9.939006,9.459047,5.646009
1527211740,-0.063184,-0.160956,-5.165580,-7.336773,-5.761391,-4.913459,-4.187910,10.021077,9.296167,5.543721
1527211800,-0.045470,-0.160956,-5.126578,-7.336773,-5.772263,-4.948762,-4.205304,10.404106,9.174008,5.407336
1527211860,-0.063184,-0.160956,-5.120800,-7.336773,-5.770580,-4.965084,-4.221802,10.431463,9.092569,5.305048
1527211920,-0.063184,-0.160956,-5.177136,-7.336773,-5.794447,-4.999457,-4.229299,10.568258,9.092569,5.202760
1527211980,-0.063184,-0.160956,-5.171358,-7.336773,-5.800470,-5.013247,-4.235281,10.540901,8.970409,5.100472
1527212040,-0.080897,-0.160956,-5.129467,-7.336773,-5.797418,-5.012219,-4.216506,10.540901,9.051848,4.964089
1527212100,-0.080897,-0.160956,-5.123689,-7.336773,-5.811120,-5.037786,-4.232980,10.759767,9.133288,4.895896
1527212160,-0.098614,-0.160956,-5.129467,-7.336773,-5.802698,-5.050414,-4.224119,11.717324,9.499766,4.759513
1527212220,-0.098614,-0.141734,-5.178581,-7.336773,-5.810620,-5.063385,-4.242514,12.784308,10.110562,4.725417
1527212280,-0.098614,-0.141732,-5.162691,-7.336773,-5.814603,-5.052545,-4.242625,13.304121,11.495042,4.691320
1527212340,-0.134045,-0.141732,-5.135245,-7.336773,-5.816779,-5.091435,-4.242625,14.453187,13.368144,4.691320
1527212400,-0.134045,-0.141732,-5.096243,-7.336773,-5.814791,-5.110816,-4.242625,15.766404,15.404147,4.759513
1527212460,-0.134045,-0.141732,-5.125133,-7.336773,-5.819098,-5.123440,-4.242625,17.052265,17.277264,4.759513
1527212520,-0.151758,-0.141734,-5.149690,-7.336773,-5.819419,-5.121503,-4.242625,17.982464,18.702446,4.759513
1527212580,-0.151758,-0.103284,-5.139579,-7.336773,-5.834503,-5.145618,-4.242625,18.940021,20.086925,4.725417
1527212640,-0.169471,-0.103284,-5.135245,-7.336773,-5.843727,-5.154796,-4.242625,19.842853,21.349238,4.691320
1527212700,-0.151758,-0.103284,-5.132356,-7.336773,-5.863947,-5.165342,-4.242625,20.198514,22.163645,4.554937
1527212760,-0.169471,-0.103284,-5.167025,-7.336773,-5.867082,-5.182462,-4.242625,20.444748,22.570833,4.452649
1527212820,-0.169471,-0.103284,-5.129467,-7.336773,-5.862985,-5.160459,-4.242625,20.718328,22.733718,4.384456
1527212880,-0.169471,-0.084061,-5.161247,-7.336773,-5.871297,-5.163919,-4.242625,20.718328,22.815152,4.384456
1527212940,-0.187184,-0.084061,-5.129467,-7.336773,-5.872696,-5.153082,-4.242625,20.690971,22.937319,4.384456
1527213000,-0.187184,-0.084061,-5.149690,-7.336773,-5.874124,-5.157102,-4.242625,20.581543,22.937319,4.384456
1527213060,-0.187184,-0.084061,-5.146801,-7.336773,-5.874312,-5.143965,-4.242625,20.335309,22.937319,4.384456
1527213120,-0.187184,-0.084061,-5.117911,-7.336773,-5.870191,-5.156036,-4.242625,19.979648,22.937319,4.554937
1527213180,-0.222615,-0.064838,-5.132356,-7.336773,-5.868439,-5.171908,-4.242625,19.432477,22.896602,5.236857
1527213240,-0.222615,-0.064837,-5.162691,-7.336773,-5.867574,-5.185968,-4.242625,18.830582,22.489399,5.714201
1527213300,-0.240328,-0.064838,-5.078908,-7.336773,-5.864123,-5.207130,-4.242625,17.517365,21.389955,5.714201
1527213360,-0.240328,-0.045611,-5.117911,-7.336773,-5.863420,-5.214989,-4.242625,17.517365,21.389955,5.714201
1527213420,-0.258041,-0.045612,-5.151135,-7.336773,-5.809031,-5.228539,-4.242625,16.888113,20.942050,5.543721
1527213480,-0.258041,-0.045612,-5.148246,-7.336773,-5.818312,-5.225607,-4.242625,16.313585,20.534846,5.373241
1527213540,-0.258041,-0.045611,-5.148246,-7.336773,-5.824975,-5.247123,-4.242625,15.875843,20.168360,5.236857
1527213600,-0.275757,-0.007164,-5.135245,-7.336773,-5.843328,-5.264880,-4.242625,15.356029,19.720455,5.202760
1527213660,-0.275757,-0.007164,-5.135245,-7.336773,-5.843328,-5.264880,-4.242625,14.863573,19.516853,5.134569
1527213720,-0.275757,-0.007162,-5.122244,-7.336773,-5.848058,-5.267948,-4.242625,14.371116,19.231817,5.066377
1527213780,-0.275757,0.012057,-5.142468,-7.336773,-5.850333,-5.279032,-4.242625,13.741864,19.068932,5.032281
1527213840,-0.275759,0.012059,-5.135245,-7.336773,-5.853464,-5.278455,-4.242625,13.741864,19.068932,5.032281
1527213900,-0.311185,0.012057,-5.142468,-7.336773,-5.852411,-5.257027,-4.242625,13.331489,18.254540,4.589032
1527213960,-0.311185,0.031284,-5.135245,-7.336773,-5.853954,-5.251279,-4.242625,13.030541,18.295258,4.384456
1527214020,-0.311185,0.031283,-5.125133,-7.336773,-5.855475,-5.227685,-4.242625,12.483360,18.865330,4.213977
1527214080,-0.311185,0.031283,-5.104910,-7.336773,-5.884084,-5.243704,-4.242625,11.799395,19.150367,4.077592
1527214140,-0.311185,0.031284,-5.104910,-7.336773,-5.884084,-5.243704,-4.242625,11.252224,18.743179,4.009401
1527214200,-0.346616,0.050506,-5.162691,-7.336773,-5.900000,-5.371029,-4.242625,10.732410,18.213808,3.873016
1527214260,-0.346614,0.088956,-5.135245,-7.336773,-5.900055,-5.351133,-4.242625,10.294668,17.521583,3.702536
1527214320,-0.346616,0.088956,-5.139579,-7.336773,-5.900055,-5.333496,-4.242625,9.856925,16.910778,3.600248
1527214380,-0.364329,0.108179,-5.143912,-7.336773,-5.879921,-5.217584,-4.242625,9.446550,16.218538,3.532057
1527214440,-0.346616,0.127403,-5.149690,-7.336773,-5.883949,-5.209088,-4.242625,9.391836,15.485581,3.429769
1527214500,-0.346616,0.146629,-5.100576,-7.336773,-5.885873,-5.224107,-4.242625,9.172959,15.078393,3.361576
1527214560,-0.328898,0.185074,-5.125133,-7.336773,-5.885642,-5.226114,-4.242625,8.844655,15.037660,3.259288
1527214620,-0.346616,0.204298,-5.106354,-7.336773,-5.890458,-5.236729,-4.242625,8.488994,14.630472,3.191096
1527214680,-0.346616,0.223523,-5.148246,-7.336773,-5.891846,-5.237127,-4.242625,8.105975,14.141834,3.088808
1527214740,-0.328898,0.242747,-5.151135,-7.336773,-5.884191,-5.244345,-4.242625,7.805028,13.571746,3.020617
1527214800,-0.328898,0.281192,-5.155469,-7.336773,-5.882570,-5.244359,-4.242625,7.449366,12.960956,2.918329
1527214860,-0.346616,0.300419,-5.126578,-7.336773,-5.884423,-5.260496,-4.242625,7.148419,12.390868,2.884232
1527214920,-0.328898,0.300419,-5.129467,-7.336773,-5.884866,-5.277168,-4.242625,6.874828,11.942963,2.816041
1527214980,-0.328900,0.319642,-5.119355,-7.336773,-5.887983,-5.279983,-4.242625,6.765390,11.372875,2.713753
1527215040,-0.328900,0.338869,-5.126578,-7.336773,-5.886078,-5.298761,-4.242625,6.464453,10.884237,2.679656
1527215100,-0.328898,0.338869,-5.148246,-7.336773,-5.886872,-5.296077,-4.242625,6.218220,10.395598,2.577368
1527215160,-0.311185,0.377314,-5.129467,-7.336773,-5.881900,-5.305703,-4.242625,5.971997,9.947685,2.543272
1527215220,-0.311185,0.396537,-5.161247,-7.336773,-5.883816,-5.310617,-4.242625,5.698406,9.540487,2.475080
1527215280,-0.328898,0.396537,-5.104910,-7.336773,-5.884709,-5.308628,-4.242625,5.479540,9.133288,2.406889
1527215340,-0.275759,0.415764,-5.089020,-7.336773,-5.884137,-5.312659,-4.242625,5.260663,8.726090,2.372792
1527215400,-0.328898,0.415762,-4.302616,-7.336773,-5.883296,-5.321472,-4.242625,5.069155,8.359612,2.304600
1527215460,-0.311185,0.415764,-4.354403,-7.336773,-5.885305,-5.322048,-4.242625,4.822927,8.033852,2.236408
1527215520,-0.311185,0.434987,-4.366573,-7.336773,-5.884551,-5.328098,-4.242625,4.658775,7.667373,2.202312
1527215580,-0.275759,0.434987,-4.364876,-7.336773,-5.881927,-5.317764,-4.242625,4.439905,7.341615,2.134120
1527215640,-0.275759,0.473432,-4.367765,-7.336773,-5.880936,-5.319169,-4.242625,4.275753,7.056576,2.065928
1527215700,-0.311185,0.473433,-4.333747,-7.336773,-5.881267,-5.320976,-4.242625,4.056884,6.730818,2.031832
1527215760,-0.311185,0.473433,-4.365093,-7.336773,-5.882024,-5.322709,-4.242625,3.892732,6.445778,1.997736
1527215820,-0.275759,0.473432,-4.393622,-7.336773,-5.882363,-5.321178,-4.242625,3.728580,6.201459,1.895448
1527215880,-0.275759,0.492659,-4.350323,-7.336773,-5.881202,-5.325243,-4.242625,3.646503,5.916421,1.861352
1527215940,-0.311185,0.492658,-4.383547,-7.336773,-5.880470,-5.322697,-4.242625,3.619144,5.834981,1.861352
1527216000,-0.275759,0.492659,-4.400448,-7.336773,-5.879492,-5.319494,-4.242625,3.509709,5.672102,1.827255
1527216060,-0.275759,0.434987,-4.353248,-7.336773,-5.880441,-5.324060,-4.242625,3.372916,5.509222,1.793160
1527216120,-0.258041,0.377314,-4.341150,-7.336773,-5.880177,-5.326676,-4.242625,3.290840,5.264903,1.724967
1527216180,-0.346616,0.338869,-4.394597,-7.336773,-5.879446,-5.327620,-4.242625,3.154047,5.102024,1.690872
1527216240,-0.417473,0.338867,-4.412474,-7.336773,-5.879332,-5.326541,-4.242625,3.044612,4.857704,1.656776
1527216300,-0.452903,0.338867,-4.392720,-7.336773,-5.879332,-5.328321,-4.242625,2.907819,4.694826,1.622679
1527216360,-0.506043,0.338867,-4.403806,-7.336773,-5.879927,-5.328719,-4.242625,2.771024,4.450507,1.554488
1527216420,-0.523758,0.338867,-4.387447,-7.336773,-5.879221,-5.328036,-4.242625,2.661590,4.246907,1.520391
1527216480,-0.541473,0.338867,-4.403770,-7.336773,-5.876802,-5.330336,-4.242625,2.524796,4.084029,1.486296
1527216540,-0.576900,0.338869,-4.397053,-7.336773,-5.879014,-5.330527,-4.242625,2.415362,3.880428,1.452200
1527216600,-0.576901,0.377314,-4.366754,-7.336773,-5.879092,-5.331904,-4.242625,2.333286,3.676830,1.452200
1527216660,-0.576901,0.377313,-4.413990,-7.336773,-5.879801,-5.331447,-4.242625,2.196492,3.554670,1.384008
1527216720,-0.576901,0.377313,-4.388422,-7.336773,-5.879306,-5.331885,-4.242625,2.087057,3.391790,1.349912
1527216780,-0.576900,0.377313,-4.418324,-7.336773,-5.879273,-5.332829,-4.242625,1.977622,3.228912,1.315815
1527216840,-0.594617,0.377313,-4.387014,-7.336773,-5.879326,-5.331890,-4.242625,1.868187,3.147471,1.315815
1527216900,-0.576900,0.377314,-4.393297,-7.336773,-5.879406,-5.332179,-4.242625,1.704035,2.862433,1.213527
1527216960,-0.576901,0.396537,-4.396186,-7.336773,-5.879696,-5.332815,-4.242625,1.704035,2.862433,1.213527
1527217020,-0.576900,0.396538,-4.381308,-7.336773,-5.882241,-5.333953,-4.242625,1.594601,2.780993,1.179432
1527217080,-0.594617,0.396538,-4.424644,-7.336773,-5.883123,-5.332850,-4.242625,1.539883,2.658833,1.145336
1527217140,-0.576900,0.396538,-4.375999,-7.336773,-5.881203,-5.332874,-4.242625,1.430449,2.577394,1.145336
1527217200,-0.576900,0.415764,-4.393297,-7.336773,-5.881451,-5.334796,-4.242625,1.375731,2.455234,1.111239
1527217260,-0.576900,0.415764,-4.393297,-7.336773,-5.881451,-5.334796,-4.242625,1.293654,2.373795,1.145336
1527217320,-0.541473,0.415762,-4.403373,-7.336773,-5.881071,-5.334898,-4.242625,1.238937,2.251636,1.145336
1527217380,-0.541473,0.415762,-4.396222,-7.336773,-5.881021,-5.334278,-4.242625,1.129502,2.170195,1.145336
1527217440,-0.541473,0.415762,-4.409693,-7.336773,-5.881418,-5.334315,-4.242625,1.047426,2.048036,1.145336
1527217500,-0.541473,0.415762,-4.428472,-7.336773,-5.866067,-5.335569,-4.242625,0.965350,2.007317,1.145336
1527217560,-0.541473,0.415762,-4.383330,-7.336773,-5.868696,-5.343381,-4.242625,0.910633,1.925876,1.145336
1527217620,-0.541473,0.415764,-4.395789,-7.336773,-5.873472,-5.340057,-4.242625,0.910633,1.925876,1.145336
1527217680,-0.541473,0.434987,-4.383691,-7.336773,-5.876521,-5.341833,-4.242625,1.321014,2.007317,1.145336
1527217740,-0.541473,0.434985,-4.402976,-7.336773,-5.877831,-5.337783,-4.242625,2.141775,2.373795,1.145336
1527217800,-0.506043,0.434987,-4.403951,-7.336773,-5.875526,-5.332744,-4.242625,2.771024,3.636109,1.145336
1527217860,-0.506044,0.377314,-4.407309,-7.336773,-5.878620,-5.337359,-4.242625,3.017253,5.468502,1.145336
1527217920,-0.506043,0.300419,-4.400087,-7.336773,-5.872998,-5.334338,-4.242625,3.044612,7.219456,1.111239
1527217980,-0.523760,0.242747,-4.423199,-7.336773,-5.865153,-5.328345,-4.242625,3.017253,8.359612,1.111240
1527218040,-0.576900,0.242747,-4.377913,-7.336773,-5.861767,-5.317479,-4.242625,2.880459,9.133288,1.111239
1527218100,-0.594617,0.242747,-4.395644,-7.336773,-5.867526,-5.276687,-4.242625,2.688948,9.377607,1.043048
1527218160,-0.594616,0.242747,-4.376830,-7.336773,-5.875369,-5.202906,-4.242625,2.552155,9.174008,1.008951
1527218220,-0.594617,0.242747,-4.386905,-7.336773,-5.876708,-5.146749,-4.242625,2.524796,9.133288,0.974856
1527218280,-0.612330,0.281192,-4.405720,-7.336773,-5.881887,-5.134735,-4.242625,2.388003,9.336888,0.974856
1527218340,-0.594617,0.281194,-4.388386,-7.336773,-5.882674,-5.075006,-4.242625,2.251210,9.377607,0.940760
1527218400,-0.612330,0.281194,-4.377769,-7.336773,-5.884440,-5.035808,-4.242625,2.114415,9.051848,0.940760
1527218460,-0.594617,0.281192,-4.401892,-7.336773,-5.874911,-5.054258,-4.242625,2.004981,8.644650,0.872568
1527218520,-0.594616,0.300419,-4.393225,-7.336773,-5.873975,-5.043885,-4.242625,1.868187,8.115293,0.872568
1527218580,-0.594617,0.300418,-4.400917,-7.336773,-5.873790,-5.039841,-4.242625,1.786111,7.667373,0.872568
1527218640,-0.612330,0.300418,-4.400881,-7.336773,-5.874404,-5.076040,-4.242625,1.649318,7.138017,0.872568
1527218700,-0.594617,0.300418,-4.410018,-7.336773,-5.875233,-5.104804,-4.242625,1.649318,7.056576,0.872568
1527218760,-0.594617,0.300418,-4.385930,-7.336773,-5.870527,-5.127207,-4.242625,1.868187,7.341615,0.940760
1527218820,-0.576900,0.300418,-4.402290,-7.336773,-5.873555,-5.143164,-4.240613,2.196492,7.504495,0.974856
1527218880,-0.594617,0.300419,-4.393622,-7.336773,-5.869264,-5.164375,-4.229948,2.907819,7.911692,1.043048
1527218940,-0.576900,0.223523,-4.378671,-7.336773,-5.868699,-5.161855,-4.229051,3.372916,8.848250,1.111239
1527219000,-0.594617,0.146629,-4.377264,-7.336773,-5.859338,-5.161469,-4.225737,3.619144,10.354881,1.145336
1527219060,-0.594617,0.146627,-4.371485,-7.336773,-5.858165,-5.185810,-4.222544,3.701220,11.902230,1.145336
1527219120,-0.630043,0.146627,-4.381597,-7.336773,-5.855164,-5.258774,-4.216351,3.564427,13.042391,1.145336
1527219180,-0.630043,0.146627,-4.372929,-7.336773,-5.852791,-5.299597,-4.217091,3.482351,13.571746,1.145336
1527219240,-0.630043,0.146629,-4.414821,-7.336773,-5.856731,-5.307168,-4.218288,3.372916,13.816065,1.179432
1527219300,-0.630043,0.185074,-4.359459,-7.336773,-5.858250,-5.308395,-4.240654,3.236123,14.263986,1.145336
1527219360,-0.665474,0.185074,-4.413376,-7.336773,-5.859047,-5.306451,-4.242625,3.071971,14.386153,1.145336
1527219420,-0.630043,0.185074,-4.372893,-7.336773,-5.860351,-5.309027,-4.242625,2.907819,14.019667,1.179432
1527219480,-0.630043,0.204297,-4.384450,-7.336773,-5.860162,-5.307541,-4.242625,2.771024,13.449594,1.145336
1527219540,-0.612330,0.204298,-4.369463,-7.336773,-5.860354,-5.304533,-4.242625,2.661590,12.838789,1.145336
1527219600,-0.630043,0.204297,-4.342486,-7.336773,-5.859669,-5.304216,-4.242625,2.524796,12.513035,1.145336
1527219660,-0.612330,0.223524,-4.369968,-7.336773,-5.860355,-5.304552,-4.242625,2.415362,12.227999,1.145336
1527219720,-0.612330,0.223524,-4.350684,-7.336773,-5.860071,-5.302235,-4.242625,2.415362,11.983680,1.179432
1527219780,-0.612330,0.242747,-4.395970,-7.336773,-5.860279,-5.303748,-4.242625,2.497438,11.698644,1.315815
1527219840,-0.612330,0.242747,-4.356462,-7.336773,-5.860374,-5.303960,-4.242625,2.388003,11.413592,1.349912
1527219900,-0.594617,0.242747,-4.308828,-7.336773,-5.859965,-5.297148,-4.242625,2.251210,11.128556,1.315815
1527219960,-0.594616,0.204297,-4.369463,-7.336773,-5.859233,-5.304817,-4.242625,2.141775,10.762085,1.315816
1527220020,-0.594617,0.127402,-4.415724,-7.336773,-5.854757,-5.303227,-4.242625,2.059698,10.273447,1.315816
1527220080,-0.612330,0.108179,-4.379610,-7.336773,-5.855839,-5.301821,-4.242625,1.977622,9.866245,1.315816
1527220140,-0.665474,0.108179,-4.373832,-7.336773,-5.857594,-5.301421,-4.242625,1.868187,9.377607,1.315816
1527220200,-0.683188,0.108179,-4.418613,-7.336773,-5.858092,-5.300627,-4.242625,1.786111,8.929689,1.315816
1527220260,-0.700900,0.127402,-4.392142,-7.336773,-5.859461,-5.299547,-4.242625,1.704035,8.481771,1.315815
1527220320,-0.718614,0.127403,-4.361807,-7.336773,-5.858326,-5.300286,-4.242625,1.594601,8.156011,1.281720
1527220380,-0.700900,0.127402,-4.371449,-7.336773,-5.859042,-5.299750,-4.242625,1.594601,8.156011,1.281720
1527220440,-0.700900,0.146629,-4.406118,-7.336773,-5.858425,-5.299619,-4.242625,1.457807,7.463775,1.281720
1527220500,-0.718614,0.146629,-4.393117,-7.336773,-5.859169,-5.300205,-4.242625,1.321014,6.852977,1.213527
1527220560,-0.718615,0.185074,-4.395500,-7.336773,-5.860024,-5.313862,-4.242625,1.321014,6.852977,1.213527
1527220620,-0.718615,0.185074,-4.429230,-7.336773,-5.860885,-5.313448,-4.242625,1.266296,6.608658,1.213527
1527220680,-0.718614,0.185074,-4.429230,-7.336773,-5.860885,-5.313448,-4.242625,1.156861,6.323619,1.213527
1527220740,-0.700900,0.204298,-4.360831,-7.336773,-5.861379,-5.311768,-4.242625,1.238937,6.079300,1.213527
1527220800,-0.700900,0.223524,-4.375746,-7.336773,-5.861004,-5.308398,-4.242625,1.731394,6.282900,1.281720
1527220860,-0.700900,0.223524,-4.375746,-7.336773,-5.861004,-5.308398,-4.242625,2.688948,6.608658,1.349912
1527220920,-0.700902,0.242747,-4.379610,-7.336773,-5.861824,-5.309978,-4.242625,3.838014,7.545214,1.486296
1527220980,-0.700900,0.242747,-4.388241,-7.336773,-5.861187,-5.310667,-4.242625,4.713493,9.133288,1.690872
1527221040,-0.683187,0.185074,-4.391167,-7.336773,-5.856845,-5.309976,-4.242625,5.069155,11.169273,2.065928
1527221100,-0.700900,0.127402,-4.370907,-7.336773,-5.805627,-5.308899,-4.242625,4.987079,13.245992,2.236408
1527221160,-0.718614,0.127402,-4.360831,-7.336773,-5.824618,-5.323645,-4.242625,4.795569,14.834074,2.372792
1527221220,-0.754044,0.146629,-4.373796,-7.336773,-5.830324,-5.322097,-4.242625,4.713493,15.892785,2.509177
1527221280,-0.754044,0.146629,-4.343497,-7.336773,-5.840870,-5.319759,-4.242625,4.713493,15.892785,2.509177
1527221340,-0.771761,0.185074,-4.441689,-7.336773,-5.847135,-5.315037,-4.242625,4.385188,16.788626,2.884232
1527221400,-0.771759,0.185074,-4.381055,-7.336773,-5.851794,-5.308551,-4.242625,4.111601,16.299988,3.020617
1527221460,-0.771759,0.204297,-4.352670,-7.336773,-5.853469,-5.301483,-4.242625,3.892732,15.648466,2.986520
1527221520,-0.771759,0.223524,-4.353609,-7.336773,-5.849040,-5.295154,-4.242625,3.728580,15.159827,3.054712
1527221580,-0.771759,0.223524,-4.353609,-7.336773,-5.849040,-5.295154,-4.242625,3.591785,14.671189,3.225193
1527221640,-0.771759,0.242747,-4.384919,-7.336773,-5.857190,-5.278696,-4.242625,3.427633,14.386153,3.327481
1527221700,-0.771759,0.281192,-4.384919,-7.336773,-5.856522,-5.255762,-4.242625,3.208764,13.856782,3.259288
1527221760,-0.771759,0.300419,-4.375782,-7.336773,-5.857923,-5.230305,-4.242625,3.208764,13.245992,3.191096
1527221820,-0.771759,0.300419,-4.385894,-7.336773,-5.852622,-5.213195,-4.242625,3.290840,12.920239,3.054712
1527221880,-0.771759,0.319642,-4.380622,-7.336773,-5.854091,-5.197435,-4.242625,3.290840,12.553753,3.020617
1527221940,-0.771761,0.319642,-4.377733,-7.336773,-5.853516,-5.176477,-4.242625,3.154047,12.309434,3.020617
1527222000,-0.754044,0.338869,-4.371954,-7.336773,-5.855676,-5.149046,-4.242625,3.017253,12.146549,2.986520
1527222060,-0.754045,0.300419,-4.437933,-7.336773,-5.848929,-5.140455,-4.242625,2.825742,11.820795,2.884232
1527222120,-0.754044,0.223524,-4.375819,-7.336773,-5.842224,-5.143338,-4.242625,2.771024,11.739361,2.850136
1527222180,-0.771761,0.223524,-4.377263,-7.336773,-5.846196,-5.132021,-4.242625,2.771024,12.105832,2.850136
1527222240,-0.789471,0.223524,-4.384955,-7.336773,-5.851923,-5.137746,-4.242440,2.688948,12.390868,2.918329
1527222300,-0.807188,0.223524,-4.406118,-7.336773,-5.854176,-5.133737,-4.241571,2.606872,12.757354,2.986520
1527222360,-0.842618,0.242747,-4.398895,-7.336773,-5.850468,-5.140424,-4.241809,2.497438,13.245992,2.918329
1527222420,-0.842618,0.242747,-4.387844,-7.336773,-5.844052,-5.161128,-4.241699,2.388003,13.612463,2.884232
1527222480,-0.860332,0.242747,-4.380622,-7.336773,-5.841628,-5.174277,-4.239353,2.333286,13.531029,2.884232
1527222540,-0.842618,0.281192,-4.345447,-7.336773,-5.844931,-5.231203,-4.234794,2.223851,13.164558,2.850136
1527222600,-0.842617,0.281192,-4.400376,-7.336773,-5.846302,-5.262100,-4.233927,2.114415,12.798072,2.816041
1527222660,-0.842618,0.300419,-4.388819,-7.336773,-5.851502,-5.281141,-4.226813,2.004981,12.390868,2.747848
1527222720,-0.807188,0.300419,-4.332988,-7.336773,-5.847213,-5.291668,-4.223767,2.278568,12.227999,2.850136
1527222780,-0.842618,0.319642,-4.402831,-7.336773,-5.849642,-5.296789,-4.226222,3.372916,12.960956,3.497960
1527222840,-0.807188,0.319642,-4.375385,-7.336773,-5.853146,-5.300499,-4.224613,4.576699,14.019667,4.282168
1527222900,-0.842618,0.338869,-4.430241,-7.336773,-5.855731,-5.301945,-4.234195,5.889915,14.956226,4.418553
1527222960,-0.842618,0.338869,-4.404240,-7.336773,-5.855269,-5.302730,-4.236699,7.312571,15.811350,4.520841
1527223020,-0.807188,0.338869,-4.379213,-7.336773,-5.823160,-5.306444,-4.240733,8.023894,16.585024,4.452649
1527223080,-0.807188,0.338869,-4.374880,-7.336773,-5.822880,-5.310016,-4.242625,8.297484,17.440133,4.384456
1527223140,-0.789471,0.281192,-4.371990,-7.336773,-5.824582,-5.310168,-4.242625,8.270127,18.091656,4.248073
1527223200,-0.807188,0.223524,-4.408140,-7.336773,-5.826229,-5.313640,-4.242625,8.215403,18.417409,4.179880
1527223260,-0.842618,0.223524,-4.439920,-7.336773,-5.825705,-5.316101,-4.242625,8.406923,18.458127,4.111689
1527223320,-0.860332,0.223524,-4.396584,-7.336773,-5.827354,-5.315483,-4.242625,8.571075,18.335975,4.077592
1527223380,-0.878045,0.223524,-4.411499,-7.336773,-5.826936,-5.317491,-4.242625,8.488994,18.010221,4.043497
1527223440,-0.878045,0.242747,-4.361445,-7.336773,-5.826566,-5.318972,-4.242625,7.996537,17.806620,4.009401
1527223500,-0.895758,0.242747,-4.390336,-7.336773,-5.820884,-5.311782,-4.240005,7.996537,17.806620,4.009401
1527223560,-0.878045,0.281192,-4.399473,-7.336773,-5.821686,-5.320700,-4.242625,7.011624,17.073663,4.043497
1527223620,-0.895758,0.281192,-4.402362,-7.336773,-5.826861,-5.316672,-4.242625,6.601238,17.073663,3.941209
1527223680,-0.895758,0.300419,-4.408140,-7.336773,-5.825549,-5.320792,-4.242625,6.437086,17.032945,3.941209
1527223740,-0.878045,0.300419,-4.381669,-7.336773,-5.830138,-5.321215,-4.242625,6.218220,17.399416,3.873016
1527223800,-0.878045,0.300419,-4.381669,-7.336773,-5.830138,-5.321215,-4.242625,5.917272,17.684452,3.873016
1527223860,-0.878045,0.319642,-4.339272,-7.336773,-5.844518,-5.316267,-4.242625,5.917272,17.684452,3.873016
1527223920,-0.878045,0.338869,-4.352273,-7.336773,-5.839181,-5.316016,-4.242625,5.370102,17.725170,3.702536
1527223980,-0.878045,0.338869,-4.387447,-7.336773,-5.843266,-5.317051,-4.242625,5.151231,17.399416,3.702536
1527224040,-0.860332,0.377314,-4.394200,-7.336773,-5.844372,-5.314641,-4.242625,4.959721,17.277264,3.668440
1527224100,-0.878045,0.377314,-4.414460,-7.336773,-5.846842,-5.314642,-4.242625,4.467264,16.625742,3.532057
1527224160,-0.878045,0.377314,-4.414460,-7.336773,-5.846842,-5.314642,-4.242625,4.467264,16.625742,3.532057
1527224220,-0.878045,0.396537,-4.363432,-7.336773,-5.847288,-5.313496,-4.242625,4.275753,16.055669,3.429769
1527224280,-0.878045,0.415764,-4.361012,-7.336773,-5.850254,-5.311121,-4.242625,4.111601,15.444864,3.395672
1527224340,-0.860332,0.415764,-4.406768,-7.336773,-5.849772,-5.310825,-4.242625,3.892732,14.752624,3.361576
1527224400,-0.860332,0.434985,-4.417890,-7.336773,-5.853058,-5.315618,-4.242625,3.728580,14.060384,3.259288
1527224460,-0.860332,0.434985,-4.417890,-7.336773,-5.853058,-5.315618,-4.242625,3.591785,13.449594,3.191096
1527224520,-0.860331,0.434987,-4.408754,-7.336773,-5.851018,-5.313725,-4.242625,3.509709,12.798072,3.088808
1527224580,-0.860331,0.473432,-4.401531,-7.336773,-5.853159,-5.312853,-4.242625,3.345557,12.227999,3.020617
1527224640,-0.860331,0.473432,-4.368307,-7.336773,-5.853176,-5.310386,-4.242625,3.208764,11.739361,2.884232
1527224700,-0.860331,0.492659,-4.404420,-7.336773,-5.854225,-5.305282,-4.242625,3.071971,11.291440,2.850136
1527224760,-0.860332,0.492658,-4.427569,-7.336773,-5.852843,-5.306121,-4.242625,3.044612,11.006404,2.747848
1527224820,-0.878045,0.492659,-4.398209,-7.336773,-5.853408,-5.310026,-4.242625,3.017253,11.169273,2.747848
1527224880,-0.842618,0.511882,-4.407851,-7.336773,-5.853081,-5.306677,-4.242625,2.962536,11.291440,2.747848
1527224940,-0.878045,0.511882,-4.419407,-7.336773,-5.851232,-5.311394,-4.242625,3.427633,11.495042,2.918329
1527225000,-0.842618,0.511882,-4.372713,-7.336773,-5.848395,-5.310611,-4.242625,3.865373,11.780078,3.191096
1527225060,-0.842618,0.473432,-4.429519,-7.336773,-5.845681,-5.319727,-4.242625,3.892732,12.960956,3.395672
1527225120,-0.860332,0.396537,-4.450717,-7.336773,-5.843237,-5.322386,-4.242625,3.838014,14.671189,3.497960
1527225180,-0.895758,0.377314,-4.429555,-7.336773,-5.833105,-5.323020,-4.242625,3.783297,16.177821,3.395672
1527225240,-0.948902,0.377313,-4.405937,-7.336773,-5.829896,-5.323636,-4.242625,3.728580,17.114380,3.532057
1527225300,-0.984331,0.377313,-4.418973,-7.336773,-5.835165,-5.324535,-4.242625,3.564427,17.399416,3.736633
1527225360,-1.019759,0.377314,-4.355415,-7.336773,-5.838381,-5.324307,-4.242625,3.454992,16.992212,3.838921
1527225420,-1.037472,0.396537,-4.353970,-7.336773,-5.834370,-5.323515,-4.242625,3.372916,16.870061,4.043497
1527225480,-1.037472,0.396538,-4.411751,-7.336773,-5.835568,-5.324707,-4.242625,3.290840,16.707176,4.282168
1527225540,-1.072902,0.396537,-4.401640,-7.336773,-5.841730,-5.325099,-4.240914,3.071971,16.299988,4.350361
1527225600,-1.055189,0.415764,-4.403084,-7.336773,-5.845929,-5.324235,-4.242625,2.935177,15.689183,4.350361
1527225660,-1.072902,0.415762,-4.425258,-7.336773,-5.832176,-5.325227,-4.242625,2.935177,15.689183,4.350361
1527225720,-1.072903,0.415764,-4.421430,-7.336773,-5.823864,-5.324171,-4.242625,2.634231,14.549022,4.043497
1527225780,-1.072902,0.434987,-4.357906,-7.336773,-5.825776,-5.322569,-4.242625,2.552155,14.060384,3.873016
1527225840,-1.108329,0.434985,-4.408934,-7.336773,-5.827665,-5.322619,-4.242625,2.497438,13.612463,3.736633
1527225900,-1.108331,0.434985,-4.456171,-7.336773,-5.835566,-5.320290,-4.242625,2.360644,13.001673,3.600248
1527225960,-1.108329,0.434987,-4.456171,-7.336773,-5.835566,-5.320290,-4.242625,2.251210,12.350151,3.497960
1527226020,-1.072902,0.473432,-4.414821,-7.336773,-5.836478,-5.316195,-4.242625,2.141775,11.739361,3.361576
1527226080,-1.108329,0.473433,-4.425294,-7.336773,-5.837509,-5.312010,-4.242625,2.059698,11.169273,3.225193
1527226140,-1.108331,0.473432,-4.392539,-7.336773,-5.841294,-5.308348,-4.242625,1.977622,10.599200,3.088808
1527226200,-1.108331,0.492659,-4.415651,-7.336773,-5.844556,-5.305631,-4.242625,1.868187,10.110562,3.020617
1527226260,-1.108331,0.492658,-4.401206,-7.336773,-5.844115,-5.304602,-4.242625,1.786111,9.703366,2.918329
1527226320,-1.108329,0.492658,-4.412762,-7.336773,-5.846668,-5.302537,-4.242625,1.676677,9.296167,2.816041
1527226380,-1.072902,0.492659,-4.406515,-7.336773,-5.848537,-5.304414,-4.242625,1.594601,8.888969,2.747848
1527226440,-1.108329,0.511882,-4.442628,-7.336773,-5.847909,-5.302301,-4.242625,1.512525,8.522490,2.679656
1527226500,-1.072902,0.511882,-4.431578,-7.336773,-5.848625,-5.300867,-4.242625,1.403090,8.156011,2.577368
1527226560,-1.072903,0.511882,-4.408465,-7.336773,-5.849505,-5.297521,-4.242625,1.403090,8.156011,2.577368
1527226620,-1.072903,0.511882,-4.433058,-7.336773,-5.849731,-5.298058,-4.242625,1.238937,7.504495,2.406889
1527226680,-1.072903,0.511882,-4.388783,-7.336773,-5.850032,-5.295769,-4.242625,1.266296,7.260176,2.372792
1527226740,-1.072903,0.511882,-4.416699,-7.336773,-5.850401,-5.295792,-4.242596,1.403090,7.138017,2.304600
1527226800,-1.072903,0.511882,-4.400809,-7.336773,-5.850835,-5.297577,-4.242625,1.539883,7.138017,2.236408
1527226860,-1.072902,0.511882,-4.400809,-7.336773,-5.850835,-5.297577,-4.242625,1.539883,7.626655,2.202312
1527226920,-1.055188,0.511882,-4.420563,-7.336773,-5.848334,-5.297894,-4.242625,1.512525,8.318891,2.168216
1527226980,-1.037472,0.492659,-4.435008,-7.336773,-5.844869,-5.300757,-4.242625,1.457807,8.970409,2.065928
1527227040,-1.037474,0.396537,-4.427822,-7.336773,-5.842818,-5.303332,-4.242625,1.430449,9.296167,2.031832
1527227100,-1.037472,0.338869,-4.435947,-7.336773,-5.841907,-5.303320,-4.242625,1.321014,9.377607,1.997736
1527227160,-1.072902,0.338867,-4.448948,-7.336773,-5.842159,-5.303638,-4.242625,1.266296,9.377607,1.997736
1527227220,-1.126046,0.338867,-4.407562,-7.336773,-5.840995,-5.306606,-4.242625,1.238937,9.336888,1.997736
1527227280,-1.126046,0.338867,-4.422513,-7.336773,-5.841593,-5.306626,-4.242625,1.184220,9.377607,1.997736
1527227340,-1.143759,0.338867,-4.386400,-7.336773,-5.841555,-5.304783,-4.240771,1.184220,9.703366,1.963640
1527227400,-1.143759,0.338867,-4.434069,-7.336773,-5.844315,-5.305307,-4.242625,1.156861,9.947685,1.895448
1527227460,-1.161477,0.338869,-4.448154,-7.336773,-5.846863,-5.304877,-4.242625,1.102144,9.906965,1.861352
1527227520,-1.161475,0.377314,-4.466391,-7.336773,-5.844291,-5.305127,-4.242625,1.047426,9.662646,1.861352
1527227580,-1.161477,0.377313,-4.466896,-7.336773,-5.841135,-5.304868,-4.242625,1.102144,9.499766,1.827255
1527227640,-1.196903,0.377313,-4.460613,-7.336773,-5.840839,-5.305125,-4.242625,1.102144,9.581207,1.793160
1527227700,-1.161477,0.377314,-4.437500,-7.336773,-5.843997,-5.304456,-4.242625,0.992709,9.662646,1.690872
1527227760,-1.161475,0.396537,-4.450501,-7.336773,-5.845837,-5.305583,-4.242625,0.992709,9.662646,1.690872
1527227820,-1.161475,0.396538,-4.415832,-7.336773,-5.841591,-5.304351,-4.242625,0.910633,9.377607,1.656776
1527227880,-1.161475,0.396538,-4.420166,-7.336773,-5.842706,-5.305169,-4.242625,0.883274,9.133288,1.656776
1527227940,-1.161475,0.396537,-4.425438,-7.336773,-5.843608,-5.305027,-4.242625,0.828557,8.766809,1.622679
1527228000,-1.161475,0.415762,-4.399437,-7.336773,-5.848511,-5.303639,-4.242625,0.773840,8.481771,1.554488
1527228060,-1.161475,0.415762,-4.399437,-7.336773,-5.848511,-5.303639,-4.242625,0.746481,8.278171,1.520391
1527228120,-1.161475,0.415762,-4.468774,-7.336773,-5.847369,-5.304144,-4.242625,0.691764,8.318891,1.486296
1527228180,-1.161475,0.415764,-4.435550,-7.336773,-5.850271,-5.303182,-4.242320,0.637046,8.237452,1.486296
1527228240,-1.161475,0.434987,-4.448551,-7.336773,-5.847839,-5.302387,-4.242625,0.582329,7.952413,1.452200
1527228300,-1.161475,0.434985,-4.419660,-7.336773,-5.847950,-5.303347,-4.242625,0.554970,7.667373,1.384008
1527228360,-1.161475,0.434987,-4.418216,-7.336773,-5.846914,-5.302590,-4.242625,0.500252,7.300895,1.384008
1527228420,-1.161475,0.473432,-4.398461,-7.336773,-5.847443,-5.302101,-4.242320,0.445535,7.015857,1.349912
1527228480,-1.161475,0.473433,-4.384486,-7.336773,-5.850227,-5.302773,-4.242625,0.418176,6.690097,1.315815
1527228540,-1.161477,0.473432,-4.423488,-7.336773,-5.848855,-5.302437,-4.242625,0.336100,6.405059,1.281720
1527228600,-1.143759,0.492659,-4.420599,-7.336773,-5.851129,-5.301815,-4.242625,0.308741,6.120020,1.281720
1527228660,-1.161477,0.492658,-4.435044,-7.336773,-5.851682,-5.301610,-4.242469,0.281383,5.834981,1.213527
1527228720,-1.161475,0.492659,-4.420599,-7.336773,-5.849704,-5.302195,-4.242261,0.281383,5.794262,1.179432
1527228780,-1.161475,0.511882,-4.452379,-7.336773,-5.852767,-5.302049,-4.242625,0.363459,5.916421,1.145336
1527228840,-1.161477,0.511882,-4.416735,-7.336773,-5.855182,-5.301277,-4.242625,0.363459,6.038581,1.145336
1527228900,-1.143759,0.511882,-4.446601,-7.336773,-5.848761,-5.300242,-4.242211,0.336100,6.079300,1.111239
1527228960,-1.143760,0.473432,-4.453823,-7.336773,-5.847944,-5.305574,-4.242625,0.281383,6.038581,1.111239
1527229020,-1.143759,0.396537,-4.456171,-7.336773,-5.844312,-5.304283,-4.242611,0.226665,5.834981,1.043048
1527229080,-1.196903,0.377314,-4.440281,-7.336773,-5.843481,-5.304528,-4.242625,0.308741,5.834981,1.008951
1527229140,-1.232334,0.377314,-4.463393,-7.336773,-5.844625,-5.304372,-4.240272,0.281383,5.834981,1.008952
1527229200,-1.250047,0.396537,-4.418613,-7.336773,-5.847499,-5.303322,-4.242625,0.226665,5.834981,1.008952
1527229260,-1.285473,0.396537,-4.422946,-7.336773,-5.849262,-5.303464,-4.242625,0.199307,5.712821,1.008951
1527229320,-1.285473,0.415764,-4.437392,-7.336773,-5.844204,-5.300745,-4.242625,0.199307,5.590662,0.974856
1527229380,-1.303191,0.415764,-4.395500,-7.336773,-5.848890,-5.300903,-4.242625,0.226665,5.631382,0.974856
1527229440,-1.303190,0.434987,-4.430169,-7.336773,-5.849267,-5.300440,-4.242625,0.199307,5.672102,0.974856
1527229500,-1.303191,0.434987,-4.441256,-7.336773,-5.851103,-5.298840,-4.242625,0.171948,5.509222,0.974856
1527229560,-1.320904,0.473432,-4.444145,-7.336773,-5.848131,-5.300272,-4.242625,0.144589,5.264903,0.974856
1527229620,-1.303191,0.473432,-4.424896,-7.336773,-5.847697,-5.301013,-4.242625,0.089872,5.183464,0.940760
1527229680,-1.320904,0.492659,-4.413810,-7.336773,-5.846982,-5.301028,-4.242625,0.062513,5.020584,0.872568
1527229740,-1.303191,0.492659,-4.428327,-7.336773,-5.848499,-5.300160,-4.242625,0.035155,4.857704,0.872568
1527229800,-1.320904,0.511882,-4.418685,-7.336773,-5.849591,-5.300688,-4.242407,0.007796,4.694826,0.838472
1527229860,-1.320904,0.511882,-4.391275,-7.336773,-5.850651,-5.301136,-4.242264,-0.046921,4.572667,0.838472
1527229920,-1.303191,0.531104,-4.428869,-7.336773,-5.847411,-5.299952,-4.242577,-0.074280,4.409787,0.804375
1527229980,-1.320904,0.531104,-4.430350,-7.336773,-5.848104,-5.300750,-4.242625,-0.101639,4.246907,0.804375
1527230040,-1.303191,0.569554,-4.411571,-7.336773,-5.849335,-5.301309,-4.242440,-0.128997,4.084029,0.770280
1527230100,-1.320904,0.569554,-4.401964,-7.336773,-5.849784,-5.299691,-4.242320,-0.183715,3.961869,0.770280
1527230160,-1.320904,0.588777,-4.449634,-7.336773,-5.852130,-5.300989,-4.242489,-0.211073,3.839710,0.702087
1527230220,-1.303191,0.588777,-4.400014,-7.336773,-5.848833,-5.302441,-4.242523,-0.238432,3.758269,0.702087
1527230280,-1.303191,0.588777,-4.427460,-7.336773,-5.849759,-5.302340,-4.242625,-0.265791,3.636109,0.667992
1527230340,-1.285473,0.608000,-4.397125,-7.336773,-5.850967,-5.301530,-4.242263,-0.265791,3.473231,0.667992
1527230400,-1.303191,0.608000,-4.405793,-7.336773,-5.849804,-5.300976,-4.242312,-0.320509,3.351071,0.633896
1527230460,-1.303191,0.608000,-4.453967,-7.336773,-5.852090,-5.302109,-4.241970,-0.347868,3.188192,0.633896
1527230520,-1.285473,0.608000,-4.416915,-7.336773,-5.851485,-5.302462,-4.242015,-0.347868,3.188192,0.633896
1527230580,-1.303191,0.627222,-4.441003,-7.336773,-5.851376,-5.302320,-4.242435,-0.375226,2.862433,0.599799
1527230640,-1.285473,0.627224,-4.453570,-7.336773,-5.850383,-5.302697,-4.241698,-0.375226,2.780993,0.599800
1527230700,-1.303191,0.627224,-5.151136,-7.336773,-5.849093,-5.301082,-4.241701,-0.375226,2.780993,0.599800
1527230760,-1.285473,0.627224,-4.657863,-7.336773,-5.849680,-5.301855,-4.241956,-0.375226,2.821713,0.599799
1527230820,-1.285475,0.627224,-4.657863,-7.336773,-5.849680,-5.301855,-4.241956,-0.375226,2.862433,0.531608
1527230880,-1.285473,0.627222,-5.132356,-7.336773,-5.847734,-5.303427,-4.242557,-0.347868,2.984593,0.599799
1527230940,-1.250047,0.531104,-5.113577,-7.336773,-5.845225,-5.305044,-4.242625,-0.347868,3.188192,0.599800
1527231000,-1.250047,0.492659,-5.162691,-7.336773,-5.844047,-5.306838,-4.242625,-0.265791,3.432511,0.599800
1527231060,-1.303191,0.473432,-4.550354,-7.336773,-5.842132,-5.304461,-4.242625,-0.211073,3.798989,0.599800
1527231120,-1.338617,0.492659,-4.464152,-7.336773,-5.841312,-5.303984,-4.242608,-0.183715,4.246907,0.599799
1527231180,-1.374048,0.492658,-4.446853,-7.336773,-5.842678,-5.306601,-4.242625,-0.128997,4.776265,0.531608
